f1,f2,f3
-0.12166779028719417,-0.12166779028719417,-0.12166779028719417
0.40740886332427606,0.18548101249808097,0.28497757962828085
0.4281447957552776,0.0018748893417019352,0.19209081447256254
0.6753043663495634,0.0786620612663237,0.3426438709769512
0.8433511376185189,0.12436800001025468,0.4381468889615344
1.1150207750727332,0.33250655594657963,0.6667401833607821
1.0273451912087113,0.24686612516502582,0.5688493779999744
0.8368325370454659,0.1262257558589184,0.4021334329214359
0.7858137237517334,0.21054349437819891,0.4077520567416949
0.6726835840414707,0.2913558648100902,0.3806860058392303
0.4366630526599685,0.29700407702636367,0.25473125753324766
0.32212995751635415,0.45770293673357404,0.2671988398290418
0.013914347364316137,0.44179808648187413,0.0946910951878277
-0.14014876169133555,0.5794389116842472,0.07621448651453724
-0.3522295030829443,0.6407704969170553,-0.009229503082944429
-0.5722682163402493,0.6593706413616345,-0.11980841044390833
-0.598500960380449,0.8228445014676116,-0.06082424687550536
-1.0748773050862304,0.4763687067763398,-0.4816503548269957
-0.9025818522941064,0.7119079495646271,-0.28688389192235964
-0.9005380403707378,0.7081751971964517,-0.2966176449705793
-0.5842965775565141,0.9519015639988437,-0.02524932811011099
-0.6437797542613861,0.7599338081117092,-0.15930500743080273
-0.41989319045689166,0.802158681372935,-0.03428281609092619
-0.11404694730324327,0.8912438209447312,0.1554569198771081
0.08996535143434506,0.8597968339023752,0.23433164792795116
0.39658954356423126,0.9298682782283785,0.4155995769663044
0.4601858738302414,0.7734246481462362,0.36243362869344037
0.7000545052992566,0.8261719233409934,0.5023459545516398
1.0114261329352758,0.9974261329352762,0.7376185117999444
0.9596286440637097,0.8633182112792512,0.6389888096200975
0.9979177333419731,0.8838866012443923,0.663111506922457
1.0388161638835423,0.9739525934644501,0.7236657019130034
0.8761529015601077,0.9250012464198728,0.613314949396729
0.8054596989749379,1.0257362480967585,0.6241829744433379
0.5154644795870271,0.9540372853731681,0.43957904074425536
0.3684797199077494,1.0580865010942968,0.4147553626143027
-0.20927944699558632,0.747648465186237,-0.03229386455922176
-0.23748727852266416,0.9853982398131442,0.06993553867525361
-0.4736289305977008,0.9962018956274269,-0.044862765352675485
-0.7293290913839174,0.9519898996958718,-0.19653325881199554
-0.9975347117448566,0.8456944892207622,-0.3850812504164013
-0.707995992537184,1.2367305385402823,-0.045672938434970445
-1.1194225731161145,0.8595774268838855,-0.44042257311611444
-1.0184684731480809,0.9252580579293863,-0.35714541904586683
-0.7240292545197831,1.1171999464458362,-0.11357579319132743
-0.8973411605828318,0.7809778304969581,-0.36754532801090956
-0.6350000837642278,0.8308307424609023,-0.2102339185192013
-0.18164976246835085,1.0362357558674584,0.12077305472956731
0.31606691051544417,1.2669948226972683,0.48705249295180914
0.32938007045473006,1.0119868516412782,0.36865571316128365
0.48411288286586684,0.9146856886520071,0.40022744402309474
0.6635695410907958,0.8748460902126168,0.4732928165591961
0.8400120189165161,0.8788603637762815,0.5671740667531375
0.9313195051853376,0.8554559347662456,0.6051690432147987
0.9713321177008531,0.8453009856032724,0.6245258912813371
1.0261601451815014,0.916849712397043,0.6925203107378893
0.8902642000780865,0.8622642000780859,0.6024565789427546
0.5558318079784211,0.6669492260201568,0.3431232572308037
0.5972815635680399,0.8945203378840346,0.48352931843123886
0.39269252018715156,0.9089712548512989,0.3947025535892247
0.03237203948668433,0.7842035219547119,0.15873833598028914
-0.2810524212549896,0.7052383469929832,-0.03054855407463907
-0.38296608122793024,0.8190857906018951,-0.017355706861965442
-0.6655176118261142,0.717195950546981,-0.2020428649955309
-0.6248568181613544,0.8893413233940026,-0.08780956871495169
-1.0747584932686705,0.5109547442985191,-0.4938380978685122
-0.9274186421457065,0.6630711597130271,-0.3357206817739597
-0.902803562989272,0.6234424488732981,-0.3345766127300373
-0.8188048064247724,0.5765406554232878,-0.30712809291982884
-0.7866979319475399,0.4179409257543455,-0.3612381260511982
-0.39372177363585203,0.5712782263641484,-0.07872177363585194
-0.19459293655305132,0.49599473682253,-0.007229688347179214
0.05060077201762268,0.4484845111351816,0.1013775198411347
0.1752924956867651,0.2798654749039885,0.0893613779994544
0.3754951267942697,0.20383615116066572,0.16156333166754927
0.8101783829504662,0.3958506637190859,0.48518080474822595
1.0319824287576935,0.42271219938416027,0.6199207617476554
0.9840058917618584,0.23839911057531124,0.5143067876378284
1.0939605349803454,0.2774814689366599,0.5994647217716084
0.9001334124402762,0.0806191933141222,0.4148528207283248
0.8161900748372373,0.05920693722897341,0.3729858261802529
0.6772440586929899,0.04160175360974912,0.3055835633203771
0.468012920894454,0.001743014480875299,0.19195893961173727
0.14588964553221387,-0.11703820529398024,-0.01754163816378082
0.2225400710012386,0.18054007100123784,0.18054007100123817
-0.24376806661990413,-0.06484021579370843,-0.16433678292390858
-0.33501073575796225,0.04725917065561251,-0.1429567544752477
-0.6510918301836456,-0.09944952510040833,-0.3634313348110347
-0.708749116660131,-0.03576597905186747,-0.34954486800314705
-1.0231028921121337,-0.28758867298598023,-0.6218223004001825
-1.2239899397909337,-0.49151087374724806,-0.8134941265821967
-0.7932897945611931,-0.13168301337464525,-0.4075906904371629
-0.7930219031308186,-0.26775167375728226,-0.46496023612077925
-0.6078330424583474,-0.27750532322696503,-0.3668354642561062
-0.39503275506025015,-0.30737377942664484,-0.265100959933529
-0.4329884251819395,-0.621561404399161,-0.4310573074946279
-0.02522658431311533,-0.5071103234306724,-0.16000333213662643
0.14422937211992262,-0.6303583012556567,-0.1271338760859486
0.495388958734592,-0.5536110412654063,0.09638895873459277
0.8523673926464541,-0.4362714650554301,0.34290758675011307
0.9530070718239678,-0.5263383900240935,0.35733035831902377
0.946669342164089,-0.6635766696984805,0.29444239190485455
0.9845176107054623,-0.689972191153271,0.3088196503337156
1.0947302918443615,-0.574982945722828,0.429809896444203
1.0181070914078598,-0.5800910501474983,0.3970598419614566
0.7939521262500493,-0.6727614361230445,0.24647737941946662
0.5179172836239196,-0.7681345882059072,0.06830690925795416
0.3307510344881987,-0.7395397337597777,-0.0037528326921535474
-0.07730029755940304,-0.9131317800274339,-0.28766659405300954
-0.14825272412503243,-0.7485314587891828,-0.23426275752710718
-0.4099504664081933,-0.7911892407241866,-0.3801982212713915
-0.6691412749745361,-0.8642586930162729,-0.5404327242269192
-1.0242160426947107,-1.0802160426947118,-0.8204084215593797
-0.9052359633521975,-0.8799255305677393,-0.6555961289085854
-0.9820377254531296,-0.9400065933555488,-0.7192314990336135
-0.970690418366807,-0.9788268479477156,-0.7285399563962685
-0.9679325542051993,-1.090780899064965,-0.7790946020418209
-0.46166277628708086,-0.7569393254088993,-0.3553860517554799
-0.48359400719746326,-0.9981668129836032,-0.4837085683546911
-0.3181250311843928,-1.0847318123709375,-0.44140067389094473
-0.047227637712684026,-1.0821555498945028,-0.3022132201490464
0.3281332762932867,-0.9737522420425226,-0.05828954090463148
0.4875921426937988,-1.0622386835313282,-0.02117402255122612
0.6413981237960975,-1.12092086728369,0.027602291224176623
0.9246644203928072,-1.0005647805728104,0.2302109590643525
1.097149188832442,-0.9305773422450245,0.3518261347302283
1.0525056673614106,-1.0104943326385893,0.2895056673614106
1.043296984959395,-0.9854295461180713,0.29697393085718143
1.0584807961004423,-0.8687484048651783,0.362027334771986
0.7954752401348326,-0.969843750944959,0.17867940756290956
0.5317215291472336,-1.0221092970778956,0.01895536390220756
0.1941478822885461,-1.112737636047262,-0.1972749349093716
-0.14781041138397594,-1.1887383235657973,-0.4087959938203396
-0.24714842397721987,-1.0207552051637707,-0.3774240666837748
-0.380690852177124,-0.9032636579632665,-0.388805413334353
-0.6124475354471302,-0.9167240845689506,-0.5151708109155302
-0.9280512418411961,-1.0608995867009612,-0.7492132896778174
-0.9026315556207207,-0.9217679852016281,-0.6714810936501816
-0.7010886388473709,-0.6710575067497901,-0.4502824124278547
-0.810665898266244,-0.7983554654817853,-0.5740260638226317
-0.8178848506865602,-0.8878848506865605,-0.6280772295512287
-0.7294258391605736,-0.9395432572023061,-0.6157172884129546
-0.26831226997392255,-0.6655510442899195,-0.2545600248371226
-0.02322149152156111,-0.6405002261857058,-0.12623152492363293
0.13491282656515458,-0.7189186559028738,-0.0934534699284507
0.41244787160247365,-0.6768428966455005,0.05894400442212261
0.558120278881186,-0.747931592948636,0.08850990451522305
0.8790041901429569,-0.6087093722301403,0.31052944331237264
0.7336390281178802,-0.8865591134374762,0.09059177867147777
1.0160126384029298,-0.6767005991642594,0.3280922430027714
1.0066764821318521,-0.6918133197268814,0.3069785217601055
1.1263055714798984,-0.5089404403826733,0.44907862122066317
0.9602143349508343,-0.545131126897229,0.33853762144588945
0.685496209768404,-0.6301426479334821,0.14903640387206196
0.767270749506405,-0.30972925049359634,0.34027074950640446
0.39335436320042155,-0.4102333101751607,0.09299111499454901
0.09176954137222705,-0.4201141977453364,-0.07300720645128721
-0.2873147858041597,-0.506887765021384,-0.3163836681168494
-0.4198225578761004,-0.36416358224249723,-0.32189076274938033
-0.7224750067959707,-0.42514728756459097,-0.5144774285937306
-0.7537786899474612,-0.2625084605739269,-0.45971702293742267
-0.8000059432764257,-0.17339916208987938,-0.4493068391523963
-0.8828444189264342,-0.1863653528827488,-0.508348605717697
-0.8121309144333231,-0.11361669530716946,-0.4478503227213717
-0.7103014377871115,-0.0753183001788443,-0.38909718913012536
-0.7153196967038681,-0.20267739162062526,-0.46665920133125394
-0.24572890142950948,0.09654100498406448,-0.09367492014679535
0.08161964801699001,0.2195474988431814,0.12005093171298337
0.22380044500416651,0.13980044500416797,0.1398004450041673
0.4954499219810201,0.18952207115482556,0.28901863828502505
0.5726734126634951,0.062403506249918396,0.2526194313807795
0.8859235553573483,0.2052812502741116,0.46926305998473766
0.9538699742054221,0.15088683659715885,0.46466572554843827
1.106826199555938,0.24031198042978402,0.574545607843987
0.851151076298449,-0.013327989745236857,0.3086552630897118
0.8395706340735921,0.04496385288704266,0.32087152994956136
1.28915985772454,0.6298896283510027,0.8270981907145003
0.760811678511197,0.29548395927982035,0.3848141003089584
0.47537540096691255,0.25171642533330674,0.2094436058401911
0.21111892158101678,0.26269190079823723,0.07218780389370469
0.20382193255414116,0.5477056716717008,0.2005986803776536
-0.2595454288620489,0.3760422445135295,-0.12718218065617815
-0.3565440559506917,0.5524559440493062,-0.09754405595069277
-0.6190595241451492,0.5285793335567339,-0.25059971824880856
-0.7445596378809297,0.5927858239671272,-0.2908829243759877
-0.7788116214617019,0.688434390400866,-0.2695846712024682
-0.7657414557142439,0.7647483461444887,-0.23404349534249735
-0.8982260715000683,0.6264871660671201,-0.37830567609991045
-0.7458560001460353,0.7063421414093232,-0.2708087506996318
-0.6086734801471697,0.7110400822259246,-0.20819873331658673
-0.4931731580569235,0.6448787137729012,-0.19156278369095914
-0.19937123163872694,0.7219195366092501,-0.01386736445837429
-0.0015414785122808278,0.6842900039557507,0.05882481798132608
0.2781347220387086,0.7274134567028563,0.21314475544078204
0.570914570708614,0.8001533450246137,0.3891623255718155
0.8135213179914101,0.8556387360331499,0.5318127672437948
0.832190838966757,0.7341908389667584,0.47438321783142623
1.0019564770616287,0.821646044277172,0.5973166426180175
0.9382579759134342,0.7402268438158536,0.5194517494939181
1.0866156718781899,0.9377521014590984,0.6874652099076514
0.821116836671401,0.785965181531168,0.47427888450802325
0.8840013123194964,1.0202778614413144,0.6187245877878951
0.5809566747318193,0.9355294805179587,0.4210712358890469
0.35979522696157823,0.9654020081481257,0.32207086966813153
0.05011881914252744,0.9230467313243453,0.14310440157888935
-0.21305080678656332,0.9258347115492416,0.010372010411352696
-0.3770693031289791,1.0087615230961469,-0.032303137883954613
-0.6041961559055546,0.9931228351742295,-0.15540032333363527
-0.7069785328556281,1.0522506681099908,-0.17852507152717262
-0.9339623153530076,0.9267642157244597,-0.3556392612507935
-0.8483576876135521,1.046642312386448,-0.25335768761355215
-1.0777989226090259,0.7819276084684414,-0.5004758685068118
-0.8872455415036364,0.8699836594619829,-0.3607920801751808
-0.4463431007110385,1.1479758903687511,-0.0005472681391164302
-0.35142209182053974,1.0304087344045934,-0.010655926575511773
-0.37304763774236516,0.7608378805934474,-0.15462482054444535
0.14233118011639362,1.0092590922982196,0.22931676255275948
0.2747966356870779,0.8734034168736331,0.230072278393635
0.6423870968072143,0.9889599025933608,0.4745016579644452
0.9792265705664053,1.1065031196882236,0.7049498460348043
0.706216580917221,0.6610649257769847,0.3493786287538417
0.9331328859833166,0.773269315564225,0.5229824240127778
1.1006810180261426,0.8906498859285619,0.6698747916066264
1.1310357329398664,0.9377253001554084,0.7133958984962544
0.8549810271621003,0.7429810271620986,0.4831734060267677
0.9365311339978788,0.9636485520396137,0.6398225832502608
0.6422239345415812,0.8554627088575745,0.4444716894047794
0.39783990076076026,0.8301186354249007,0.31584993416283
0.0006443250065254619,0.6684758074745496,0.04301062150012852
-0.2712303466078554,0.6310604216401144,-0.10472647942750646
-0.014789947521281654,1.1032619243085475,0.26682042684468527
-0.41116044777039257,0.8875531146027009,-0.03168570093980996
-0.8195922731152145,0.6106058684401433,-0.36654502366881136
-0.6733685980176491,0.8283446395495406,-0.17644820261749064
-0.8949256009074166,0.6115642009513172,-0.3872276405356699
-0.7540417402740152,0.6882042715885559,-0.2698147900147803
-0.8256566617384365,0.48568880010962556,-0.39797994823349236
-0.7547232472830304,0.36591561041885945,-0.41326344138668675
-0.3403434850648483,0.5406565149351578,-0.10934348506484569
-0.34089644976993877,0.26569122360564784,-0.23753320156406407
0.05890948472559998,0.372793223843168,0.02568623254911645
0.4535458179164761,0.47411879713369787,0.2836147002291645
0.773795769183335,0.518136793549729,0.47586397405661374
0.7901532863743406,0.29182556714295826,0.38115570817209943
1.0748797399087484,0.38160951053521563,0.5788180728987109
1.1017118510972022,0.27210506991065514,0.5480127469731724
1.1088443028434898,0.20836523679980462,0.5303484896347529
1.1316269787128352,0.22811275958668223,0.5623463870008841
1.108128963137576,0.26714582552931027,0.5809247144805905
0.8575136936426262,0.13787138855938053,0.4018531982700107
0.5626067947274285,0.012336888313852573,0.2025528134447128
0.3288531269940752,-0.018074723832113428,0.08142184329808319
0.36407105994663347,0.2380710599466348,0.23807105994663402
-0.10043696166042769,-0.005509110834236407,-0.10500567796443457
-0.23727653333205345,0.06099337308152669,-0.12922255204933641
-0.7062965296237953,-0.2386542245405573,-0.5026360342511837
-0.7811214530845528,-0.19213831547629256,-0.5059172044275704
-0.9529617769645053,-0.3014475578383512,-0.6356811852525539
-0.7749438851584478,-0.12646481911476187,-0.4484480719497106
-0.6420365255898548,-0.06442974440330401,-0.34033742146582335
-0.6661950963134181,-0.22492486693988198,-0.42213342930337905
-0.43357898010472407,-0.18725126087333746,-0.27658140190248104
-0.47739934538530626,-0.47374036975170275,-0.43146755025858596
-0.2044606076826203,-0.47703358689983644,-0.28652948999530614
0.04008737430619437,-0.5257963648113678,-0.1786893735173194
0.5308783978664203,-0.3277092755091606,0.17551514966054826
0.7703867134068849,-0.3626132865931082,0.28738671340688815
0.7639816972908563,-0.6086571604110279,0.17052189139451485
1.1857846854522565,-0.3775607763958025,0.5061079719473136
1.0820834159798383,-0.612162595882729,0.3458564657206051
1.2093279532363173,-0.5491618486224159,0.4496299928645707
1.1325038348217475,-0.6212094027454429,0.38358343942158857
0.9054761906491587,-0.7767219509061988,0.200428941202756
0.9428584269349578,-0.6078551354381403,0.3113836801043731
0.7430606095096766,-0.6269912623201457,0.2094502351437133
0.4550508846785595,-0.6992398835694149,0.03654701749820813
0.32266823908811226,-0.5971632433799237,0.028301942594503193
-0.08283168772788684,-0.7671104223920319,-0.252841721129959
-0.2712029979051157,-0.7364417722211131,-0.3254507527683161
-0.49388288331465563,-0.7730003013563981,-0.4491743325670418
-0.6938675001612623,-0.8338675001612618,-0.5740598790259307
-0.7447820256741087,-0.8034715928896516,-0.5791421912304973
-0.6492396634657208,-0.6912085313681398,-0.47043343704620466
-0.8722679507355947,-0.9644043803165022,-0.7141174887650554
-0.6864185342125362,-0.8932668790723048,-0.5815805820491592
-0.5226457254280789,-0.9019222745498989,-0.5003690008964786
-0.3576712791095318,-0.9562440848956675,-0.4417858402667574
-0.04732861426535391,-0.8979353954519042,-0.2546042569719085
0.01219004480627503,-1.1067378673755455,-0.32679553763008823
0.5543884590211531,-0.8314970593146475,0.08396564182323923
0.5581916087046588,-1.0756392175204696,-0.03457455654036688
0.9696707669218385,-0.8766482241579474,0.2718749343499182
0.8530701223514299,-1.156159078614183,0.07461666102297743
1.0029207358852306,-1.1088057951922357,0.17359768178301702
0.9951368083355824,-1.1518631916644178,0.14813680833558235
1.135403202372076,-0.9773233287053907,0.3050801482698622
1.0030787691747207,-1.008150431790901,0.22262530784626391
0.8201443558248289,-1.029174635254959,0.11934852325290782
0.8817179218914225,-0.7561129043337081,0.2849517566463957
0.4367861330223452,-0.9540993853134717,-0.03863668417557678
0.2538931542678078,-0.8710347579140154,-0.09109242816855675
-0.13251898306083185,-0.9901257642473844,-0.3467946257673877
-0.28079934263238104,-0.8873721484185314,-0.372913903789614
-0.6040709348625792,-0.9923474839844012,-0.5907942103309798
-0.8029884734295916,-1.0198368182893616,-0.7081505212662151
-0.6856999933475711,-0.7888364229284789,-0.5385495313770322
-0.9274237071550416,-0.981392575057461,-0.7606174807355256
-0.8108752864061873,-0.8825648536217301,-0.6582354519625757
-0.7107837418239041,-0.8647837418239037,-0.6049761206885722
-0.5272251356340075,-0.8213425536757385,-0.49751658488638784
-0.5443589990369766,-1.0255977733529722,-0.6146067539001759
0.03931595599754786,-0.6619627786665954,-0.14769407740452323
0.00779372512841589,-0.9300377573396039,-0.304572571365185
0.34821270262644066,-0.825078065621532,-0.08929116455390962
0.7278441201806912,-0.6622077516491294,0.17423374581472903
0.8475583334303859,-0.7241552289427097,0.1950835865998023
1.1231622436713948,-0.5810358978839609,0.39611499422499274
1.1705352337731099,-0.6061780037940808,0.39861483837295086
1.0327059999549362,-0.7497838019037977,0.24900803958318946
1.2321859808476137,-0.48706003101495876,0.47095903058837807
1.0302742593904244,-0.5590712024576362,0.32459754588548106
0.8914927547275704,-0.5081461029743177,0.2710329488312276
0.8240929836103419,-0.3369070163896665,0.3130929836103376
0.4666075544184511,-0.420980118957133,0.08224430621257767
0.2536959936633423,-0.34218774545422315,0.004919245839827113
0.030376177506038993,-0.273196801711194,-0.082692704806655
-0.22341249210677516,-0.2517535164731745,-0.209480696980056
-0.5693038137999626,-0.35597609456857854,-0.4453062355977206
-0.7265979769496645,-0.3193277475761394,-0.5165363099396303
-0.8308947874031923,-0.28828800621664674,-0.5641956832791633
-0.9535972646281661,-0.34111819858448267,-0.6631014514194294
-0.788060848786034,-0.17354662965988008,-0.5077802570740825
-0.7484844244049528,-0.1975012867966904,-0.5112801757479695
-0.5548215070814257,-0.126179201998187,-0.3901610117088136
-0.3005535803422078,-0.042283673928638785,-0.2324995990594961
-0.11062575038528424,-0.056697899559077725,-0.15619446668928325
0.2634067633118503,0.09540676331185328,0.09540676331185195
0.4405750481922652,0.050647197366077965,0.15014376449627412
0.6859238335596206,0.09165392714604599,0.28186985227690586
0.8785996540064736,0.11395734892323676,0.3779391586338632
1.251289093747984,0.3643059561397185,0.6780848450909988
1.0823056628578818,0.1317914437317305,0.4660250711459322
1.1955180620988148,0.24703899605512863,0.5690222488900775
1.0476398358683676,0.16903305468182095,0.44494073174433774
1.0547643968086033,0.31149416743506486,0.5087027297985631
0.8695975426995571,0.32026982346817884,0.4095999644973177
0.7986499041315898,0.49099092849798054,0.4487181090048671
0.4798091196431809,0.4473820988604064,0.25687800195587146
0.251946000612799,0.5118297397303424,0.1647227484363034
-0.07914191364359824,0.4724457597319783,-0.030778665437728354
-0.2120439530587473,0.612956046941242,-0.037043953058752396
-0.34374356376405457,0.719895293937828,-0.05928375786771434
-0.743444014608357,0.5099014472396981,-0.3737673011034156
-0.9742936847393174,0.40895232712325236,-0.549066734480083
-0.9265059773142698,0.5199838245444647,-0.47880801694252284
-0.5680769237991705,0.8726363137680211,-0.13215652839901082
-0.49976270488962327,0.8684354366657364,-0.10871545544321942
-0.5816049798946497,0.6541085824784502,-0.2651302330640637
-0.13110908161640297,0.922942790213423,0.08650129274956209
0.0010119211792372074,0.8383026894272146,0.10251578835959044
0.10656808151468085,0.7083995639827069,0.08293437800828503
0.43737682315974985,0.8026555578239127,0.28838685656183094
0.6775786320742985,0.8228174063902995,0.41182638693750073
0.8435577236250833,0.8016751416668195,0.47784917287746603
1.0223323494734748,0.8403323494734775,0.5805247283381446
1.02277401595393,0.7584635831694705,0.5341341815103173
1.3934434455939362,1.111412313496355,0.89063721917442
1.04864712764254,0.8157835572234501,0.5654966656720022
1.0207757747958106,0.9016241196555693,0.5899378226324289
0.790030850229478,0.842307399351295,0.4407541256978762
0.6811599474790223,0.9517327532651536,0.4372745086362458
0.3819544477645922,0.903561228951138,0.26023009047114465
0.2121304780946803,1.001058390276496,0.22111606053104124
-0.01846217587517049,1.0364233424606395,0.12096064132274811
-0.23897392845796994,1.062856897767167,0.021792236787060007
-0.5481698664762906,0.9651491246034921,-0.18337403390437193
-0.575279199074124,1.0999500018914943,-0.13082573774566889
-0.565785613096534,1.210940917980931,-0.07146255899432105
-0.7085375258843851,1.1024624741156148,-0.19753752588438522
-0.7928731358005325,0.9828533952769354,-0.2995500816983182
-0.6975159592788945,0.975713241686722,-0.25506249795044034
-0.6503611772486035,0.8599578138311976,-0.28856534467667583
-0.42058988970731614,0.8772409365178183,-0.16382372446228746
0.022330718257445384,1.0722162365932668,0.15675353545536952
0.24495542175401097,1.0278833339358386,0.24794100419037768
0.3402719534431022,0.854878734629645,0.21154759614965318
0.7961022846748996,1.0586750904610416,0.5442168458321283
0.9056446620231727,0.9489212111449873,0.5473679374915698
1.1062719781270836,0.9771203229868559,0.6654340259637083
1.3195670597040192,1.075703489284928,0.8254165977334808
1.2218632224130535,0.9278320903154726,0.7070569959935372
1.1015630033928492,0.8242525706083911,0.5999231689492371
1.1330885838170728,0.9370885838170702,0.6772809626817397
1.009807889095886,0.952925307137624,0.6290993383482698
0.6573624763020107,0.7866012506179912,0.3756102311652022
0.5993596666029379,0.9476384012670769,0.43336970000500685
0.355573348838347,0.9394048313063755,0.3139396453319526
-0.061828942281194205,0.7564618259667742,0.020674924899153926
-0.2966584597449747,0.7373934120848533,-0.09904808537900844
-0.3991087874995563,0.8156047748735376,-0.10363404066897397
-0.7121879214689499,0.6340102200864107,-0.3431406720225455
-0.810277009169716,0.6074362283974712,-0.3973566137695593
-0.8053143362722979,0.6171754655864361,-0.3816163759005512
-0.6060812331451594,0.7521647787174143,-0.20585428288592328
-0.7409186880870734,0.4864267737609897,-0.39724197458212873
-0.5511510170647537,0.48548784063713774,-0.2936912111684093
-0.2147484106636584,0.5822515893363416,-0.06774841066365841
0.015501688697932545,0.5380893620735072,0.03486493690380123
0.27320344037463734,0.5030871794922073,0.15598018819815468
0.5383944080374979,0.4749673872547199,0.28446329035018686
0.785147298746869,0.4454883231132724,0.4032155036201519
0.9835889078054296,0.4012611885740487,0.4905913296031891
0.9700063182020123,0.19273608882848242,0.38994465119197563
1.2647130545554786,0.3511062733689305,0.6270139504314483
1.2339991306523106,0.2495200646086272,0.5715033174435737
0.9690461645938029,-0.018468054532352146,0.31576557288185064
1.072837218802397,0.14785408119413243,0.46163297014541255
0.8720377232901086,0.06839541820686686,0.3323772279174949
0.6430236304560792,0.00875372404250653,0.19896964917336563
0.5261111039000939,0.09518325307389693,0.19467982020409763
0.16346917924105425,-0.04653082075893875,-0.04653082075894242
-0.15647256294150116,-0.1455447121153181,-0.24504127924551222
-0.327228472881268,-0.11295856646769714,-0.30317449159855514
-0.5707669298844383,-0.18712462480120462,-0.45110643451182963
-0.5984847584944353,-0.0935016208861719,-0.40728050983745123
-0.574095379512801,-0.006581160386647217,-0.3408147878008504
-0.7572449567861332,-0.19276589074244707,-0.5147491435773961
-0.6292061425849622,-0.13559936139841794,-0.4115070384609336
-0.6899468280039232,-0.332676598630384,-0.5298851609938822
-0.6014283701974191,-0.4391006509660377,-0.5284307919951783
-0.17849502835476214,-0.25883605272115073,-0.21656323322803792
-0.12039811624715739,-0.4769710954643785,-0.28646699855984575
0.14880091446705018,-0.501082824650503,-0.15397583335645915
0.3810236777072546,-0.5615639956683313,-0.05833957049862
0.727860011985681,-0.48913998801430436,0.160860011985688
0.791484112453247,-0.6651547452486308,0.11402430655690865
1.1391959414158608,-0.5081495204321921,0.3755192279109205
1.2187902071431085,-0.5594558047194588,0.3985632568838748
1.2705825311904282,-0.5719072706683064,0.42688457081868114
1.1902019695438257,-0.6475112680233648,0.357281574143667
1.0642788023090353,-0.7019193392463196,0.2752315528626338
0.9270983588621374,-0.7076152035109666,0.21162361203154967
0.6171122846846633,-0.8369395871451666,-0.0004980896813037428
0.47985720609163884,-0.7584335621563438,-0.022646661088716675
-0.005475465893583387,-1.0093069483616137,-0.38384176238718976
-0.16864956231805434,-0.9369282969822078,-0.4226595957201308
-0.31258338229442045,-0.8618221566104128,-0.4508311371576184
-0.5118083379839088,-0.8749257560256573,-0.551099787236298
-0.7537849585652054,-0.9777849585652091,-0.717977337429876
-0.7521023470695923,-0.8947919142851347,-0.6704625126259804
-0.8995225889596135,-1.0254914568620315,-0.804716362540097
-0.8233062417410377,-0.9994426713219465,-0.7491557797704992
-0.6607998117642433,-0.9516481566240074,-0.639961859600864
-0.5296213711660673,-0.9928979202878911,-0.591344646634469
-0.5334105425491895,-1.2159833483353173,-0.7015251037064112
0.03795672978208754,-0.896650051404454,-0.25331891292446274
0.3033334411236962,-0.8995944710581155,-0.11965214131266262
0.4376840762328532,-1.0322014421029524,-0.1167387409650632
0.6555308707100571,-1.0622999555150636,-0.021235294534964713
0.942281037839568,-0.9880379532402218,0.16048520526764581
1.1252329308475817,-0.9679962701180413,0.26277946951912423
1.4551342389901085,-0.7405922920873551,0.5418111848878964
1.3457569446670354,-0.8852430553329645,0.41475694466703544
1.2505255083479137,-0.9462010227295553,0.33620245424569883
0.9925069945959141,-1.1027222063697046,0.12805353326745875
0.9695502742949161,-0.963768716784878,0.1847544417229918
0.6578328361871753,-1.0639979900379506,-0.022933329057849117
0.5296299419877524,-0.945255576348073,-0.02979287521017388
0.03548070424368863,-1.1734472079381435,-0.3935048781926803
0.026444230991738378,-0.915162550194823,-0.27183141171482167
-0.35872352449531364,-1.0492963302814595,-0.5348380856525442
-0.4564512417023645,-0.9287277908241817,-0.527174517170763
-0.7763381243672639,-1.0771864692270314,-0.7655001722038862
-0.8133896899696296,-1.0005261195505355,-0.7502392279990899
-0.7625391145126527,-0.9005079824150729,-0.6797328880931367
-0.6554521708350698,-0.8111417380506096,-0.586812336391457
-0.5524419027541381,-0.7904419027541343,-0.5306342816188041
-0.38429523452059366,-0.7624126525623286,-0.43858668377297594
-0.34984733659162387,-0.9150861109076119,-0.5040950914548195
0.029029976155335036,-0.7562487585088135,-0.24198005724673868
0.1746789812577072,-0.8471525012103039,-0.2216873152358893
0.5165831365260459,-0.7407076317219182,-0.00492073065430006
0.7577500626033539,-0.7163018092264717,0.12013968823738928
0.9882598846040896,-0.6674536777690012,0.2517851377735088
1.0909071792773268,-0.6972909622780304,0.27985992983092367
1.1490416877434644,-0.7116715498237255,0.2931212923433063
1.3680840126582945,-0.4984057892004382,0.500386052286548
1.3305088387196566,-0.4727371731429197,0.4852818884604196
0.9709056829877457,-0.702439778860318,0.18122896948280035
0.847454412241039,-0.6361844454608572,0.14299460634469274
0.8063752615163036,-0.4386247384837003,0.21137526151630162
0.5597431385856063,-0.41184453478997285,0.0913798903797354
0.26874584700412724,-0.4111378921134472,-0.06403090081939236
0.12530000139369116,-0.26227297782353687,-0.07176888091900027
-0.23772247448989134,-0.3500634988562864,-0.30779067936317
-0.46759882363257177,-0.3382711044011858,-0.4276012454303283
-0.5316804064907892,-0.20841017711726145,-0.4056187394807535
-0.8550862689411834,-0.3964794877546348,-0.6723871648171533
-0.6745529534295276,-0.14607388738584443,-0.4680571402207909
-0.7453450811682412,-0.21483086204208351,-0.5490644894562882
-0.6403065830987362,-0.17332344549047307,-0.4871023344417514
-0.46316402406491197,-0.11852171898167545,-0.38250352869230136
-0.4929792226518308,-0.31870931623826665,-0.5089252413691214
0.18383591154895346,0.15376376237515452,0.0542671952449518
0.09615088794236346,-0.1558491120576392,-0.15584911205763766
0.46966728633562904,-0.004260564490549831,0.09523600263964223
0.8690558137592185,0.19078590734564954,0.3810018324765072
0.9816017024296719,0.1329593973464311,0.3969412070570596
1.105987932053308,0.13500479444503785,0.4487836833963211
1.2605169774784153,0.2260027583522624,0.5602363857664651
1.2454763330551255,0.212997267011441,0.5349805198463887
1.12059107589242,0.15798429470586375,0.43389197176838656
1.2029269246977632,0.37565669532422163,0.5728652576877209
0.7815060850945612,0.1481783658631766,0.23750850689231875
0.6566296669855809,0.2649706913519779,0.22269787185886097
0.5898902882757853,0.4734632674930157,0.2829591705884783
0.19212706810116903,0.36801080721871765,0.020903815924676106
-0.03046491401453761,0.43712275936104394,-0.06610166580866514
-0.2660441493919324,0.474955850608049,-0.17504414939194135
-0.4829903263954667,0.49664853130640785,-0.28253052049912997
-0.8143189701973694,0.3550264916506881,-0.5286422566924267
-0.8695449069494938,0.4297011049130758,-0.5283179566902589
-0.7118335123614935,0.6506562894972381,-0.3481355519897472
-0.582760826285847,0.7739524112813444,-0.23084043088568784
-0.611016688091418,0.6731814534639389,-0.3039694386450154
-0.44347989860296533,0.7082336637701417,-0.21100515177237608
-0.4569895103143876,0.5130623615154458,-0.3233791359484188
-0.09467589650620034,0.6586148717417728,-0.07717202932584954
0.3452853491599261,0.8631168316279466,0.23765164565352756
0.36927302884265456,0.6505517635068121,0.13628306224473302
0.5607207324162473,0.6219595067322434,0.21096848727944711
0.8777729659940854,0.7518903840358369,0.4280644152464762
1.0781621804213548,0.8121621804213608,0.5523545592860266
1.3704088312797897,1.0220983984953316,0.797768996836178
1.2891458761386345,0.9231147440410526,0.7023396497191182
1.3583120405024447,1.041448470083356,0.7911615785319075
1.0658051880054717,0.8626535328652334,0.5509672358420912
1.071859122884621,1.0401356720064416,0.6385823983530211
0.5875467835268252,0.7741195893129493,0.25966134468404506
0.5304937260924837,0.9681005072790209,0.3247693687990318
0.3663703051430048,1.0712982173248262,0.2913558875793685
-0.00505502032804642,0.9658304980077688,0.050367796869874776
-0.01949266508820502,1.198338161136912,0.1572735001568149
-0.4199137444044487,1.0094052466753378,-0.13911791183252809
-0.6341987000607847,0.9570305009048361,-0.2737452387323283
-0.7665106038020414,0.9262159272754213,-0.3561875496998296
-0.6564131425575624,1.0705868574424375,-0.22941314255756245
-0.7166128580001423,0.9751136730773242,-0.3072898038979287
-0.5598178595707659,1.0294113413948478,-0.20136439824231303
-0.6485595526377534,0.7777594384420438,-0.3707637200658276
-0.22980355999526378,0.9840272662298659,-0.05703739475023747
0.09314508878491433,1.059030607120744,0.14356790598284264
0.25695651469763475,0.9558844268794713,0.17594209713400588
0.5414255786224101,0.972032359808962,0.32870122132896545
0.801464811560613,0.9800376173467503,0.46557937271783933
0.905686150091729,0.8649626992135393,0.4634094255601241
1.102863644466245,0.8897119893260146,0.5780256923028683
1.291661800706122,0.9637982302870287,0.7135113387355826
1.2085843050120353,0.8305531729144556,0.6097780785925194
1.2354614978015246,0.8741510650170633,0.6498216633579111
1.0563485314754522,0.7763485314754532,0.5165409103401206
0.9362786376779786,0.7953960557197206,0.47157008693036434
0.6865398233138889,0.7317785976298732,0.3207875781770825
0.4337611660839101,0.6980399007480544,0.18377119948598158
0.24662919621010213,0.746460678678109,0.12099549270369642
0.06685192545896548,0.8011426937069255,0.06535579263930935
0.003849794501318393,0.9539016663311377,0.11746016886728061
-0.4231850688264373,0.7075284935466605,-0.21171032199585307
-0.6689367025178529,0.5932614390375094,-0.3838894530714472
-0.6833231747332709,0.6503900628339181,-0.3544027793331133
-0.7813429120468396,0.5571468898118932,-0.44164495167509304
-0.8017031407785261,0.47254287108405124,-0.48547619051928864
-0.5894126482718168,0.5539328135762493,-0.32973593476687024
-0.3377965865733388,0.6148422711285505,-0.164336780676996
-0.1963437254081035,0.516656274591892,-0.13334372540810582
0.0519969777760431,0.4905846511516403,-0.012639774018077067
0.4774092122367669,0.6232929513543316,0.27618596006028157
0.5590114285738292,0.4115844077910479,0.22108031088651597
0.9484501444756923,0.5247911688421036,0.4825183493489791
1.0474878962229095,0.3811601769915333,0.47049031802067176
0.9944053637484156,0.13313513437488309,0.3303436967383775
1.4554828546861251,0.45787607349957415,0.7337837505620937
1.1023152988622154,0.03383623281853235,0.3558194856534788
1.1012416824722684,0.029727463346113286,0.3639610907603166
1.043258712376621,0.03427557476834869,0.34805446371963156
1.0298176861973358,0.1421753811140863,0.40615719082471874
0.8671418652636835,0.14887195885010698,0.3390878839809669
0.5597193046824792,0.044791453856287716,0.14428802098648563
0.41219951169146585,0.1181995116914785,0.11819951169147194
-0.00013960763615224886,-0.07321175680996372,-0.17270832394016064
-0.23726705417435884,-0.10699714776078117,-0.29721307289164317
-0.45379448946650425,-0.15415218438327655,-0.41813399409389856
-0.5954248467173742,-0.17444170910911685,-0.48822059806039275
-0.7935007066107604,-0.309986487484605,-0.6442201148988091
-0.7028173434613357,-0.22233827741765097,-0.5443215302525987
-0.8998852631343169,-0.4902784819477631,-0.7661861590102846
-0.5206060986421158,-0.24733586926857937,-0.44454443163207624
-0.4069689143304835,-0.32864119509908224,-0.41797133612823373
-0.14836247930355329,-0.31270350366993405,-0.27043068417682525
0.022232558102955366,-0.41834042111425696,-0.22783632420972866
0.42614377829868516,-0.30773996081887317,0.03936703047517319
0.6378311032107802,-0.38875657016481074,0.11446785500490299
0.8156748086616051,-0.4853251913383847,0.16467480866160983
1.0993904107530852,-0.4412484469487964,0.3379306048567448
1.1688022401475324,-0.5625432217005157,0.3211255266425944
1.1940793702947285,-0.6681666415678388,0.2898524200354957
1.2481459146387766,-0.6783438872199549,0.3204479542670303
1.233212481636527,-0.6885007559306617,0.3162920862363692
0.9832713017526489,-0.8669268398027146,0.11022405230624233
1.0928391867574594,-0.6258743756156409,0.29336443992687355
0.902397914616235,-0.6356539572135899,0.20078754025027046
0.5503019237765125,-0.7719888444714785,-0.036201943403847206
0.1658672639416368,-0.9219642185264023,-0.29649903255197396
0.057185284087573215,-0.7950934505765749,-0.2808247493145005
-0.24099577235789707,-0.8742345466738848,-0.46324352722109274
-0.5198858578181424,-0.967003275859887,-0.6431773070705298
-0.5073272243565345,-0.8153272243565354,-0.5555196032212036
-0.7942947569550995,-1.020984324170646,-0.7966549225114902
-0.6910157064851191,-0.9009845743875385,-0.680209480065603
-0.6017274236965504,-0.8618638532774568,-0.6115769617260107
-0.47988805252356675,-0.8547363973833335,-0.5430501003601889
-0.2670745550249899,-0.8143511041468173,-0.41279783049339336
-0.14425220882141446,-0.9108250146075471,-0.3963667699786385
0.0649228371159142,-0.9536839440706324,-0.31035280559063866
0.17907722321580707,-1.1078506889659958,-0.3279083592205473
0.5721042932850086,-0.9817812250507887,-0.06631852391290369
0.6674688779285941,-1.1343619482965313,-0.09329728731643014
1.0698846216833156,-0.9444343693964778,0.2040887891113916
1.3118089937862514,-0.86542020717936,0.3653555324577997
1.282898500022598,-0.9968280310548671,0.28557544592038514
1.3270652029449446,-0.9879347970550553,0.3120652029449447
1.249841642228383,-1.0308848888490882,0.2515185881261669
1.3194724921814451,-0.8597567087841781,0.3710190308529875
0.9393347509776719,-1.0779842401021185,0.07053891840574955
0.8082437132313856,-0.9975871129937359,0.04347754798636333
0.4356611553759584,-1.123224362959862,-0.20776166182196532
0.3557725576849849,-0.9371553544968418,-0.15721302475138135
0.027004860022730108,-0.9986019211638398,-0.3552707826838342
-0.3036593400617253,-1.078232145847879,-0.5637739012189598
-0.4592877798210161,-1.0155643289428407,-0.6140110552894179
-0.5816480967512603,-0.9664964416110252,-0.6548101445878813
-0.7396046436554476,-1.010741073236352,-0.7604541816849072
-0.6655714671255964,-0.8875403350280167,-0.6667652407060805
-0.7587542765339986,-0.99844384374954,-0.7741144420903865
-0.524317453728538,-0.846317453728528,-0.5865098325932014
-0.2821183706370261,-0.744235788678755,-0.42040981988940523
-0.07858954892961034,-0.7278283232456033,-0.31683730379280833
0.18094921836778838,-0.6883295162963654,-0.17406081503428794
0.35824710957364264,-0.7475843728943741,-0.1221191869199566
0.6986284912998113,-0.6426622769481584,0.0931246241194626
0.8917654542653032,-0.6662864175645026,0.17015507989934842
0.9941501052377477,-0.7455634571353369,0.17367535840717016
1.1672202987717202,-0.7049778427836353,0.2721730493253188
1.3787240020346696,-0.5659892355325191,0.43880360663451135
1.288914137109768,-0.6615756647489647,0.3372161767380216
1.3222973947258536,-0.5649486171367213,0.39307044446661743
1.1415657478185597,-0.6157797140295187,0.26788903431360794
1.0048841454576303,-0.5627547122442491,0.21642433956129156
0.9082202286786164,-0.42077977132139543,0.22922022867861055
0.6839834814673768,-0.3716041919082111,0.13162023326150157
0.2684973592981387,-0.49538637981944794,-0.14827938852538597
0.10061905933078034,-0.37095391988642895,-0.18044982298190165
-0.11413205638211094,-0.3104730807485138,-0.2682002612553934
-0.3987100384946495,-0.35338231926329006,-0.4427124602924191
-0.44533154116877954,-0.2060613117952388,-0.4032698741587383
-0.6244479213233981,-0.24984114013685216,-0.5257488171993693
-0.6472304271167036,-0.20275136107302072,-0.524734613907967
-0.5945639796273368,-0.14804976050118066,-0.48228338791538344
-0.5642768050217473,-0.1812936674134908,-0.4950725563647668
-0.14612273366843614,0.11451957141480636,-0.1494622382958225
-0.09559986166277597,-0.0053299552491798685,-0.1955458803800505
0.19415816039145511,0.08008601121766092,-0.019410555912543037
0.4702068526135236,0.1342068526135295,0.13420685261352683
0.5550258415669075,-0.0029020092592905652,0.09659455787091115
0.9122679924660939,0.14999808605253231,0.34021401118338634
0.9850973807949011,0.052455075711649646,0.31643688542228243
1.272838339915975,0.21785520230771271,0.5316340912589912
1.2674049297360246,0.14889071060987383,0.4831243380240755
1.2061759364366798,0.08969687039299157,0.41168012322794223
1.1712482782820914,0.12464149709554337,0.4005491741580609
1.2732336855894248,0.361963456215893,0.5591720185793876
1.1305731975713187,0.4132454783399243,0.5025756193690725
0.8832371873830508,0.4075782117494119,0.36530539225631387
0.5983367992552084,0.3979097784724301,0.20740568156789715
0.34455033163374643,0.436434070751286,0.08932707945724902
0.060743340358619155,0.444331013734192,-0.05889341143551269
-0.18756112994246155,0.46943887005753965,-0.18056112994246146
-0.3791743023257171,0.516464555376171,-0.2627144964293735
-0.530072593086519,0.5552728687615339,-0.3283958795815785
-0.5291472067937248,0.6860988050688348,-0.271920256534495
-0.6448629236247753,0.6336268782339589,-0.3651649632530284
-0.7418175909073652,0.5308956466598282,-0.473897195507205
-0.6412032177100472,0.5589949238453114,-0.418155968263643
-0.4723128831903013,0.5954006791828093,-0.3238381363597095
-0.11344505982370584,0.7726068120061104,-0.06383468545774554
0.1886934797721796,0.8579842480201612,0.12219734695253459
0.3097305195134539,0.7435620019815115,0.11809681600707389
0.8009046882194923,0.998183422883633,0.4839147216215618
0.8166611641611123,0.793899938477116,0.38290891902431595
1.1197513298790909,0.9098687479208285,0.5860427791314748
1.2963595719339593,0.9463595719339695,0.6865519507986331
1.2298857670742245,0.7975753342897628,0.5732459326306105
1.4336905443033738,0.9836594122057933,0.7628843178838578
1.1719415698646654,0.7710779994455653,0.5207911078941228
1.438520805918421,1.151369150778177,0.839682853755038
1.1612059974210327,1.0454825465428468,0.6439292728894295
0.9137360431967392,1.0163088489828802,0.5018506043539674
0.6385792083342157,0.9921859895207434,0.3488548510407594
0.4165647711397303,1.037492683321572,0.257550353576104
0.14912926972210416,1.0360147880579107,0.12055208692002109
-0.2010223915832699,0.9328084346418394,-0.10825622633825377
-0.31613623717183287,1.0291827539079474,-0.11934040459991536
-0.5200766795191147,0.9871525214465017,-0.24362321819066063
-0.5968008424748644,1.0119256886026033,-0.27047778837265
-0.6379909225690769,1.005009077430923,-0.2949909225690769
-0.4902767265093746,1.117449804568087,-0.16495367240716338
-0.5655018606436519,0.9397273403219664,-0.2910483993151968
-0.364423976365063,0.9778950147147405,-0.17062814379313404
-0.17223722345776094,0.9575936027673772,-0.08347105821273064
-0.033867321053141136,0.848018197282669,-0.06744450385522235
0.5123678256261607,1.1272957378079775,0.347353408062522
0.5253074846142096,0.8719142658007701,0.2285831273207693
0.7864228001056817,0.8809956058918513,0.36653736126292413
1.063674889160044,0.9389514382818605,0.5373981646284421
1.2696438545197706,0.9724921993795447,0.6608059023563961
1.3731005543613772,0.961236983942288,0.7109500923908394
1.2977973726194454,0.8357662405218643,0.6149911461999292
1.252552951435115,0.807242518650659,0.5829131169915042
1.3635875241963988,0.9995875241963937,0.7397799030610647
1.0075322877167578,0.7826497057584757,0.458823736969131
0.8752423031942534,0.836481077510255,0.42549005805745577
0.5021836231923736,0.6824623578565095,0.16819365659444094
0.514910385367326,0.9307418678353525,0.30527668186093015
-0.11230397520498872,0.5379867930429654,-0.19780010802464854
-0.18355094237142722,0.6825009294584092,-0.1539405680054565
-0.46519914448599664,0.5815144178870952,-0.3377243976554154
-0.4284914226855188,0.7497067188698276,-0.22744417323912192
-0.5678416110972329,0.6818716264699586,-0.3229212156970732
-0.5066206962569287,0.7478691056018042,-0.2509227358851822
-0.697399669503017,0.4928463423595556,-0.4651727192437819
-0.370238661647772,0.6891068002003018,-0.19456194814282257
-0.35359529895144176,0.5150435587504308,-0.2641354930551065
-0.017203429914551482,0.611796570085452,-0.03820342991454989
0.050545729988996785,0.4051334033646027,-0.09809102180511906
0.43005614099131195,0.491939880108889,0.1448328888148318
0.499424030238858,0.2679970094560822,0.07749291255154844
0.8664435387776838,0.35878456314407825,0.316511743650962
1.0991609073070614,0.3488331880756952,0.4381633291048277
1.2336413614494035,0.28837113207585807,0.48557969443935994
1.1721316498711294,0.09052486868458093,0.36643254574709916
1.1237445777783488,-0.02873448826533395,0.2932487645696123
1.3169930638697016,0.161478844743548,0.49571247215774944
1.3169072907004244,0.22392415309215868,0.5377030420434392
1.239046974795118,0.26740466971188254,0.5313864794225078
0.9022065360233139,0.09993662960972637,0.29015255474059276
0.59699022962583,-0.0019376212003936466,0.0975589459298192
0.502691625864115,0.12469162586411901,0.12469162586411667
-0.01267316590379658,-0.1697453150776164,-0.2692418822078092
-0.2240113322278945,-0.17774142581432426,-0.3679573509451826
-0.3629399445976108,-0.14729763951437252,-0.41127944922499887
-0.5017190658128083,-0.16473592820454103,-0.47851481715582195
-0.5922128831018019,-0.19269866397564844,-0.5269322913898515
-0.9320313121945876,-0.5355522461508992,-0.8575354989858499
-0.6278981976651035,-0.30229141647855784,-0.5781990935410743
-0.4850549147316866,-0.2957846853581454,-0.4929932477216447
-0.2695586826567147,-0.27523096342532705,-0.36456110445447176
0.009586016075099263,-0.2387550082912703,-0.19648218879816817
-0.01132871290860285,-0.5359016921258339,-0.3453975952212963
0.3585731357511859,-0.4593106033663634,-0.11220361207232166
0.6116726922854473,-0.49891498109010746,0.004309444079588144
0.6660107632067396,-0.71898923679327,-0.06898923679326474
1.0038328609093012,-0.6208059967925766,0.15837305501296367
1.3300222062457483,-0.48532325560230943,0.3983454927408055
1.473388590442254,-0.4728574214203083,0.4851616401830226
1.3021585995167126,-0.7083312023420213,0.2904606391449659
1.3445076880977842,-0.6612055494694066,0.3435872926976253
1.1560235080959045,-0.7781746334594632,0.1989762586494957
1.1220999670147762,-0.6806135953583274,0.2386252201841878
0.8970363108322204,-0.725015560997612,0.11142593646625196
0.7380396278819864,-0.6682511403659855,0.0675357607016361
0.5089328958832847,-0.662898586584763,-0.03743340061033043
0.21271758604191193,-0.7235611486222191,-0.2092924473601528
-0.19007644731504786,-0.9073152216310431,-0.4963242021782473
-0.3290354402227643,-0.860152858264515,-0.5363268894751547
-0.457716769026726,-0.8497167690267312,-0.5899091478913974
-0.5344709944831509,-0.8451605616986939,-0.6208311600395393
-0.559520371265248,-0.8534892391676674,-0.632714144845732
-0.5882486494252566,-0.9323850790061592,-0.6820981874547154
-0.5423675334796578,-1.0012158783394047,-0.6895295813162703
-0.3498958000423421,-0.9811723491641632,-0.5796190755107424
-0.21909042911547605,-1.069663234901601,-0.5552049902726963
0.15750539413137615,-0.9451013870551609,-0.30177024857517226
0.315863056821325,-1.0550648553604982,-0.27512252561503936
0.6309533372845448,-1.0069321810512712,-0.09146947991337688
0.9947027535470546,-0.891128072678063,0.14993658830203432
1.213910514312833,-0.884408476766934,0.26411468174092223
1.1753450018288942,-1.0858841991367272,0.14489154050043745
1.295260842725262,-1.068465688352201,0.21393778862305018
1.4418821688243346,-0.9571178311756654,0.3428821688243346
1.2595227715937118,-1.1052037594837618,0.1771997174914946
1.264287979747734,-0.9989412212178795,0.23183451841928115
1.0093863326899102,-1.0919326583898863,0.056590500117984666
0.840860584322028,-1.0489702419031262,-0.00790558092301031
0.5125586240693731,-1.1303268942664275,-0.21486419312854085
0.4072769021363387,-0.9696510100454969,-0.18970868030003196
0.25262457789060516,-0.8569822032959458,-0.21365106481594975
-0.004505309810371144,-0.8630781155965324,-0.3486198709676094
-0.3445388681439274,-0.9848154172657371,-0.5832621436123221
-0.41501089053214096,-0.8838592353919104,-0.5721729383687642
-0.7285981012313875,-1.0837345308123032,-0.8334476392608521
-0.7886013272415845,-1.094570195144005,-0.8737951008220686
-0.6821274160334903,-1.0058169832490294,-0.781487581589877
-0.4405204384399783,-0.8465204384399784,-0.5867128173046469
-0.4590273781705908,-1.0051447962123155,-0.6813188274229672
0.01967844816672877,-0.7135603261492813,-0.3025693066964778
0.2750689329511949,-0.6782098017129505,-0.16394110045087723
0.4039726497484537,-0.7858588327195544,-0.16039364674514117
0.7007268976039647,-0.7245638706439989,0.011223030423619738
0.9221185371625643,-0.7199333346672562,0.11650816279660159
1.2571900954510289,-0.56652346692207,0.35271534862044407
1.5128927967155872,-0.44330534483976447,0.5338455472691876
1.3329293112664307,-0.6957839263007514,0.30900891586627655
1.4102898238169141,-0.6241999780418189,0.37459186344516754
1.3982740370059363,-0.5729719748566383,0.3850470867466994
1.2260961676100526,-0.6152492942380164,0.26841945410510554
1.0753166081612737,-0.5763222495406121,0.2028568022649319
0.9303314355382789,-0.48266856446171613,0.16733143553828156
0.6586249479428384,-0.48096272543275825,0.022261699736958886
0.3363244358368223,-0.5115593032807735,-0.16445231198670685
0.35151965196356844,-0.2040533272536464,-0.013549230349117258
-0.12053789237600802,-0.40087891674241877,-0.35860609724929443
-0.37087664131181086,-0.4095489220804378,-0.49887906310957364
-0.43236582844021504,-0.277095599066679,-0.4743041614301761
-0.4620530602664146,-0.1714462790798637,-0.44735395614238316
-0.6232827702978337,-0.26280370425415117,-0.5847869570890972
-0.5135522169339568,-0.1510379978077985,-0.4852716252220023
-0.3530533466327379,-0.054070209024477095,-0.36784909797575516
-0.3232145011627967,-0.14657219607954822,-0.41055400579018
-0.05743744991327676,-0.05116754349969785,-0.24138346863055982
-0.02366133202538831,-0.22173348119917424,-0.32123004832938223
0.3627034994043488,-0.05729650059566515,-0.0572965005956578
0.675395678301437,0.03346782747524719,0.13296439460544487
0.8051943853260018,-0.04107552108755247,0.14914040404329795
1.3795168110319602,0.3628745059487149,0.6268563156593447
1.236796964805017,0.09781382719675888,0.4115927161480353
1.338354441648429,0.13584022252227276,0.4700738499364772
1.4004920723319305,0.20001300628824198,0.5219962591231928
1.3554645642392362,0.22485778305269297,0.5007654601152082
1.2376038564656116,0.24233362709207512,0.4395421894555721
1.1359238829895573,0.33459616375815954,0.4239263047873083
1.1971138149849305,0.6374548393513084,0.5951820198582021
0.8135766312036656,0.5291496104208786,0.3386455135163501
0.5023895972102056,0.5102733363277645,0.16316634503371794
0.0859000031376142,0.38548767651317833,-0.11773674865652192
0.14673116690603083,0.7197311669060489,0.06973116690603942
-0.2714986160243637,0.5401402416775212,-0.23903881012802264
-0.45786587164938536,0.543479590198666,-0.34018915814444656
-0.5199090727418304,0.6113369391207343,-0.3466821224825979
-0.6095814974283357,0.5849083044303982,-0.4138835370565889
-0.5693165342899028,0.6193967032772828,-0.38539613888974555
-0.38984836586112137,0.726349775694244,-0.2508011164147145
-0.24369623899458165,0.7400173233785351,-0.17922149216398667
-0.2731238467771958,0.528928025052628,-0.3075134724112316
0.4112716115331816,0.9965623797811692,0.26077547871354045
0.4560961170275065,0.8059275994955444,0.18046241352111675
0.7056518949197823,0.8189306295839314,0.304661928321856
0.9633282694479922,0.8565670437639789,0.4455760243111875
1.3068139057734314,1.012931323815177,0.6891053550258186
1.3234048187772813,0.8894048187772956,0.6295971976419572
1.4095037790116973,0.8931933462272377,0.6688639445680844
1.4037424522084565,0.8697113201108744,0.6489362257889402
1.6343777124831984,1.149514142064105,0.8992272505126588
1.5169917560569979,1.1458401009167494,0.8341538038936127
1.0257958828155673,0.8260724319373955,0.42451915828397124
1.0326668473984393,1.0512396531845716,0.5367814085556636
0.8325890772660534,1.1021958584525733,0.458864719972593
0.4613425746001914,0.9982704867820242,0.21832815703656064
0.11907485608196787,0.9219603744177659,0.006497673279880531
-0.10155253320269853,0.948278293022428,-0.09278636795767381
-0.1629099373548457,1.0984090537249285,-0.05011410478293134
-0.42749770866603876,0.9957314922995875,-0.2350442473375797
-0.4045425906399456,1.12018394043752,-0.16221953653773233
-0.5103775892021557,1.0486224107978444,-0.2513775892021557
-0.68412173653652,0.8396047945409513,-0.4427986824343039
-0.3567774743884905,1.0644517265771323,-0.1663240130600332
-0.16944530009459813,1.088873690985192,-0.059649467522676
-0.10573240512222873,0.9400984211029164,-0.10096623987719472
0.22368683508799786,1.021572353423789,0.10610965228590714
0.41485638064835273,0.9457842928301785,0.16584196308471846
0.8087837108482292,1.0713904920347992,0.4280593535547932
0.8749131560946747,0.8854859618808275,0.37102771725190875
1.1824889576914672,0.97376550681329,0.5722122331598685
1.1801438810074478,0.7989922258672125,0.48730592884406876
1.459014370400705,0.9631507999816168,0.7128639084301682
1.3312614990968357,0.7852303669992562,0.5644552726773198
1.4319607651388502,0.902650332354392,0.6783209306952382
1.1491094846196084,0.7011094846196009,0.4413018634842725
1.059796043336374,0.7509134613781037,0.4270874925887534
0.8954161613111143,0.7726549356271064,0.3616639161743125
0.6633097546325668,0.7595884892967218,0.24531978803464374
0.47960106160112287,0.811432544069143,0.1859673580947231
0.26166124946738656,0.8279520177153299,0.09216511664772202
0.0279649427387222,0.8100168145685512,-0.026424682895310872
-0.19867284474505445,0.7640407176280312,-0.15519809791447636
-0.4831952131271085,0.6110029284282453,-0.3661479636807071
-0.48977566458087207,0.6759375729863125,-0.3288552691807167
-0.344092639816456,0.8263971620422771,-0.17239467944470943
-0.6904287781908158,0.41581723367175927,-0.5422018279315796
-0.24819622610438402,0.7271492357436915,-0.15651951259943292
-0.19612133650496943,0.5885175211969066,-0.1906615306086316
0.07373661618063637,0.6187366161806477,-0.03126338381935817
-0.05169021693198683,0.21889745644360348,-0.2843269687261115
0.4691007268634312,0.44698446598101405,0.09987747468695485
0.7672502937966993,0.45182327301390474,0.26131917610938027
0.8705073837870362,0.2788484081534385,0.23657558866031825
1.0992654949088545,0.264937775677498,0.3542679167066245
1.1636509784933746,0.1343807491198513,0.3315893114833409
1.4283439741948711,0.2627371930083253,0.5386448700708423
1.3277432997042997,0.09126423366061712,0.4132474864955631
1.3656673278245939,0.12615310869843482,0.4603867361126401
1.4202456351098989,0.24326249750163964,0.5570413864529179
1.08751449443114,0.031872189347898344,0.2958539990585266
0.8162540131997268,-0.0700158932138647,0.12020003191700249
0.7365420942552797,0.05361424342907163,0.15311081055927764
0.4923099989571383,0.03030999895713019,0.030309998957134893
0.23349587212419112,-0.007576277049609531,-0.10707284417981203
-0.16065910133264988,-0.19838919491908352,-0.3886051200499411
-0.26732118228825213,-0.13567887720503644,-0.3996606869156526
-0.5460964369523544,-0.29311329934409125,-0.6068921882953702
-0.5593852135242523,-0.24387099439810103,-0.5781046218123032
-0.6171936024722898,-0.30471453642860474,-0.6266977892635529
-0.3162481413659578,-0.07464136017941314,-0.3505490372419282
-0.2764322919814919,-0.17116206260796024,-0.36837062497145484
-0.3399882081660526,-0.4296604889346584,-0.5189906299638065
-0.1129130000345791,-0.44525402440094414,-0.40298120490784334
0.18792319144903544,-0.4206497877681902,-0.2301456908636544
0.553697377414958,-0.3481863617025823,-0.0010793704085451383
0.7785062889597419,-0.4160813844158284,0.08714304075387395
0.9948099236354891,-0.47419007636448496,0.17580992363550157
1.1393019145342111,-0.5693369431676805,0.20984210863786665
1.303713292870671,-0.5956321689773822,0.28803657936573035
1.5216988354481775,-0.5085471764143793,0.44947188518894804
1.3514927207542755,-0.742997081104461,0.25579476038252824
1.4210253525424827,-0.6686878850247102,0.33610495714232264
1.5742671037891878,-0.4439310377661698,0.533219854342784
1.1926302140574818,-0.6940833483156301,0.22515546722689003
0.837176356143047,-0.8688755156867707,-0.03243401822291342
0.7306610573776025,-0.7596297108703779,-0.023842809802752017
0.5163458424367531,-0.739485640031301,-0.11402045405686595
0.18078584472461445,-0.8394928899395504,-0.32522418867746783
-0.07793282969146578,-0.8791716040074705,-0.4681805845546695
-0.308707808365007,-0.9238252264067437,-0.5999992576173905
-0.6668838333240978,-1.1428838333241056,-0.8830762121887712
-0.4850727205579168,-0.8797622877734563,-0.6554328861143031
-0.5632684647807902,-0.9412373326832095,-0.7204622383612741
-0.5253750907972605,-0.9535115203781608,-0.7032246288267182
-0.4101157499043518,-0.9529640947641095,-0.6412777977409694
-0.21653371888660744,-0.9318102680084235,-0.530256994355005
-0.10132052175487853,-1.0358933275410203,-0.5214350829121073
0.20745921209189436,-0.9791475690946343,-0.33581643061464983
0.5374639668626724,-0.9174639453191127,-0.13752161557367312
0.779380831251657,-0.9425046870841511,-0.027041985946260533
0.9015951043257678,-1.0682357218993421,-0.027171060919248605
1.1273503585510836,-1.054968632528697,0.09355452597916586
1.2474742384924253,-1.0977549624731913,0.13302077716397093
1.3208581834682969,-1.1268683476091712,0.15553512936608244
1.3990459896564276,-1.0839540103435725,0.21604598965642735
1.3523065539946144,-1.0964199770828618,0.18598349989239593
1.4812034344493443,-0.8660257665162733,0.36474997312088947
1.1110233354682018,-1.074295655611601,0.0742275028962732
1.065973269441611,-0.9078575567835262,0.1332071041965812
0.8798782518392431,-0.8470072664965669,0.06845543464132461
0.4252272887957935,-1.0357006233860218,-0.2557582936405672
0.3127367489236373,-0.8808700322629223,-0.23753889378292187
-0.00924071633731097,-0.9518135221234809,-0.4373552774945533
-0.28340093701248054,-1.0076774861342976,-0.6061242124808787
-0.32509460788826755,-0.8779429527480402,-0.5662566557248928
-0.3447921802887258,-0.7839286098696364,-0.533641718318188
-0.39216177110026285,-0.7821306390026849,-0.5613555446807472
-0.4507546234599193,-0.8584441906754546,-0.6341147890163046
-0.40779382807671566,-0.8977938280767115,-0.637986206941382
-0.33978284252583857,-0.9699002605675773,-0.6460742917782221
-0.21362444756698062,-1.0308632218829832,-0.6198722024301833
0.25375190518252183,-0.7835268294816407,-0.26925812821955936
0.35822366051914534,-0.915607821948854,-0.2901426359744451
0.611596179267585,-0.8976945889803702,-0.16190768791275564
1.0225599408284851,-0.7034919310013303,0.13294956646252565
1.0802163268033709,-0.8274972355697192,0.09174157997278987
1.4864768424714154,-0.5537212990839461,0.42342959302501104
1.4271522249485948,-0.6855610126185879,0.3192318295484412
1.42568941046154,-0.6928003913971961,0.3059914500897927
1.5824370255413003,-0.47280898632127694,0.4852100752820621
1.337315624364165,-0.5880298374839087,0.2956389108592157
1.2391781633651724,-0.49646069433672,0.28271835746882723
0.9397247623578869,-0.5572752376421128,0.09272476235788638
0.6792687328940399,-0.5443189404815378,-0.041094515311830046
0.5819228863093385,-0.34996085280826617,-0.002853861514195019
0.1728552366087156,-0.46671774260848375,-0.2762136457039613
0.008101346916825618,-0.3562396774495896,-0.31396685795646395
-0.3195739739080393,-0.4422462546766727,-0.5315763957058053
-0.3579032797997279,-0.28663305042620335,-0.4838416127896926
-0.44972496756149505,-0.24311818637495028,-0.5190258634374656
-0.45283635471686,-0.17635728867317413,-0.4983405415081228
-0.5193736311968933,-0.24085941207073294,-0.5750930394849377
-0.4789706819394156,-0.263987544331165,-0.5777664332824379
-0.14607475759507615,-0.053432452511818204,-0.3174142622224557
0.05257438045246319,-0.025155713133950507,-0.21537163826481612
0.28060046744777484,-0.0014716817260303078,-0.10096824885622865
0.5431899295286248,0.039189929528619424,0.03918992952862256
0.7902680968107222,0.06434024598451674,0.16383681311472123
1.062197475855566,0.13192756944201905,0.32214349457286584
1.1184553374610902,0.017813032377863774,0.2817948420884863
1.4817154207113996,0.2587322831031422,0.5725111720544194
1.603509471416571,0.31699525229042047,0.6512288797046212
1.501176069533768,0.21669700349007903,0.53868025632503
1.3830130068096906,0.16840622562314478,0.4443139026856614
1.2574604559681044,0.1781902265945742,0.3753987889580692
1.2490130771997356,0.3636853579683314,0.45301549899748345
1.1436387068191645,0.49997973118553457,0.4577069116924323
0.9108944948013247,0.5424674740185288,0.3519633771140047
0.5247061318382072,0.4485898709557603,0.10148287966171575
0.41325554501162864,0.6288432183872115,0.1256187932175019
0.14064149727470146,0.6296414972746562,-0.020358502725319666
-0.3042472291004931,0.4233916286014023,-0.3557874232041458
-0.42164409841379963,0.49570136343424703,-0.3879673849088631
-0.475917729849047,0.5713282820135152,-0.3866907795898157
-0.430640897528868,0.6798489043298657,-0.3189429371571213
-0.5157057848565109,0.5890074527106768,-0.4157853894563525
-0.4380717104432434,0.5941264311121119,-0.38302446099684145
-0.36356015275023695,0.5361534096228859,-0.3830854059196389
0.09527041291416347,0.8133222847439701,-0.02311921271988096
0.3810273171246421,0.8823180853726427,0.14653118430500608
0.7470671138795587,1.0128985963476052,0.38743341037317325
0.8163490681048826,0.8456278027690357,0.3313591015069597
0.8522888007580611,0.6615275750740554,0.2505365556212602
1.1861294664123865,0.8082468844541181,0.48442091566476686
1.3543132597281278,0.8363132597281463,0.5765056385928058
1.4495484059113377,0.8492379731268728,0.6249085714677222
1.5297987681466398,0.9117676360490574,0.6909925417271232
1.421310201949472,0.8524466315303763,0.6021597399789314
1.3958135321547922,0.9406618770145535,0.6289755799914121
1.257764041078373,0.974040590200195,0.5724873165467739
0.9958440795917037,0.930416885377853,0.4159586407489366
0.807450803458312,0.9930575846448235,0.3497264461648474
0.7624068130033536,1.2153347251851476,0.43539239543970387
0.21721905215137663,0.9361045704871662,0.02064186934928506
0.16996538455775417,1.1357962107828732,0.09473154980277504
-0.2804256775494092,0.8968933135303787,-0.2516298449774879
-0.19414828798215278,1.145080912983469,-0.08569482665369593
-0.34212583055615287,1.0986007005213176,-0.1838027764539371
-0.5129972629084212,0.9620027370915789,-0.33799726290842114
-0.5834850313001135,0.8562414997773601,-0.4261619771978963
-0.11313090340993559,1.2240982975556913,-0.006677442081476109
-0.09097670319427897,1.0833422878855172,-0.0651808706223537
0.025147552224900588,0.9869783784500288,-0.054086282530073915
0.16870367938690667,0.8825891977227628,-0.032873503415151994
0.3987821216630506,0.8457100338448569,0.06576770409940658
0.7889611103731469,0.9675678915597236,0.32423675307971483
1.0102992634911883,0.9368720692773489,0.42241382464842625
1.2170923443589556,0.924368893480785,0.5228156198273602
1.3331503795838344,0.8679987244436036,0.5563124274204575
1.3844297786806434,0.8045662082615502,0.554279316710104
1.4661096884714966,0.836078556373917,0.6153034620519806
1.5609232933027328,0.9476128605182799,0.7232834588591235
1.4262233523494885,0.8942233523494767,0.6344157312141504
1.1997982842242882,0.8069157022660118,0.4830897334766646
1.1215230071214475,0.9147617814374361,0.5037707619846427
0.950724629455574,0.9630033641197207,0.4487346628576466
0.4727528824633205,0.7205843649313604,0.0951191789569305
0.1692142163065806,0.6515049845545157,-0.08428191651308814
0.17619161526186022,0.8742434870917063,0.03780198962783565
-0.1814411601887571,0.6972724021843225,-0.22196641335818204
-0.38177460594991625,0.6284235356054334,-0.3487273565035171
-0.4011880962609145,0.6805251413062754,-0.32426770086075657
-0.39974834515477453,0.6867414567039588,-0.3120503847830278
-0.41810147655227553,0.6041445353102948,-0.3538745262930418
-0.3533518634307932,0.5379935984172868,-0.3456751499258399
-0.22163969209489554,0.47899916560701306,-0.30017988619854324
0.10380375396201279,0.5648037539620319,-0.08519624603797794
0.23004274310499054,0.4166304164805896,-0.08659400868912978
0.6301524565713837,0.5240361956889472,0.17692920439489757
0.7881589472428204,0.38873192646003474,0.1982278295555058
1.0653180921010987,0.3896591164674843,0.3473862969743724
1.2310221103182148,0.31269439108685826,0.4020245321159868
1.3657783666543541,0.2525081372808357,0.4497166996443229
1.5694123101179835,0.3198055289314401,0.5957132059939557
1.7603598325156171,0.43988076647193464,0.7618640193068805
1.4117504809209687,0.08823626179481489,0.42246988920901735
1.305656892102552,0.044673754494288384,0.3584526434455687
1.1364000281458102,-0.0032422769374170907,0.26073953277320405
0.9994153079006096,0.029145401487010975,0.21936132661788169
0.7665504110890579,-0.0003774397371584595,0.09911912739305162
0.43783401938240496,-0.10816598061761169,-0.10816598061760278
0.3041385218593938,-0.02093362731441508,-0.12043019444461353
0.006270009370767528,-0.11546008421564893,-0.3056760093465151
-0.2938769090019335,-0.2462346039187237,-0.510216413629337
-0.12331810342704605,0.045665034181227165,-0.2681138547700569
-0.3325929224862526,-0.10107870336010324,-0.4353123307743044
-0.42924449881351473,-0.20076543276982933,-0.5227486856047776
-0.40709493873179725,-0.24948815754525,-0.5253958346077664
-0.30032261708027486,-0.27905238770673857,-0.4762609500702356
-0.2228495152163741,-0.3965217959849936,-0.48585193701413487
0.1318540987625272,-0.28448692560383004,-0.2422141061107332
0.3358587378438224,-0.35671424137342184,-0.1662101444688768
0.6384074480051364,-0.347476291112395,-0.0003692998183623536
0.8168051546740455,-0.46178251870151604,0.04144190646818188
1.0521433758464205,-0.5008566241535706,0.1491433758464243
1.4420635281190042,-0.3505753295828808,0.428603722222663
1.5651189880656728,-0.4182264737823901,0.4654422745607273
1.518431653413152,-0.595814358449408,0.36220470315392267
1.4777878393235013,-0.7007019625352353,0.2980898789517539
1.4930230535356916,-0.6806901840315035,0.32410265813553046
1.320447920605552,-0.7817502209498102,0.19540067115914572
1.2610507370112067,-0.7096628253618915,0.2095759901806217
1.0318750334748252,-0.7581768383549998,0.07826465910886106
0.7499338250866823,-0.8243569431612789,-0.08857004209366269
0.4382593859609291,-0.9015720965071339,-0.2761069105326944
0.4566957709063007,-0.6475829637578725,-0.1333142624957857
0.16872064292824496,-0.7165181313877672,-0.3055271119349625
-0.03212545408568257,-0.7312428721274252,-0.4074169033380691
-0.2336219243840907,-0.7936219243840885,-0.533814303248759
-0.42164758265454,-0.9003371498700817,-0.6760077482109275
-0.2875372013788393,-0.7495060692812585,-0.5287309749593232
-0.5803302520141979,-1.0924666815950959,-0.8421797900436544
-0.35750104794272297,-0.9843493928024762,-0.6726630957793384
-0.10807285708890738,-0.907349406210717,-0.5057961325573017
0.10567635772897283,-0.9128964480571613,-0.39843820342825215
0.3283094357934379,-0.9422973453931095,-0.2989662069131157
0.5539859356505888,-0.9849419765311874,-0.20499964678575233
1.0133134860425375,-0.7925720322932897,0.12289066884461045
1.2269412226319942,-0.8268896035931081,0.21417505738698145
1.257016073419117,-1.0093029176606576,0.13922024084720222
1.5469978260369641,-0.8822313749286488,0.3485443647085117
1.683911501962091,-0.847815029115375,0.4345884478598775
1.4294466903858498,-1.1375533096141504,0.16244669038584975
1.5147822699588347,-1.0179442611186436,0.2644592158566152
1.5007078673150127,-0.9305213336505951,0.3002544059865628
1.2459241284940965,-1.0233948625857126,0.1251282959221649
0.8964783483421397,-1.161352477883005,-0.120287816902894
0.7777102754328048,-1.0331752429030137,-0.11771254176511788
0.5320548332336544,-1.0128730789481697,-0.23293074920271076
0.28381447848834745,-0.9937923026981932,-0.3504611642182023
-0.1806167419189974,-1.207189547705175,-0.6927313030762436
-0.15005716831802982,-0.9583337174398333,-0.5567804437864211
-0.3443054674577297,-0.9811538123175069,-0.6694675152943571
-0.5204986655399282,-1.043635095120841,-0.7933482035693915
-0.5302200649008771,-1.0041889328032994,-0.7834138384813616
-0.653441040179068,-1.1451306073946086,-0.9208012057354558
-0.2728364814651636,-0.8468364814651693,-0.5870288603298348
-0.1525636122944235,-0.866681030336136,-0.5428550615467937
0.15955263330995856,-0.7416861410060119,-0.3306951215532281
-0.03133568585857255,-1.1526144205226991,-0.6383457192606358
0.6038308582509277,-0.7540006242170914,-0.12853543824267263
0.7744040257405232,-0.818886742507451,-0.0830998414398269
1.0284005649556103,-0.7816513068742222,0.05479019058964243
1.2556012318990284,-0.7361123304740759,0.1831264850684403
1.5378408079740387,-0.5863573335813042,0.39079355852764375
1.4926114074417922,-0.7041018301253957,0.3006910120416361
1.5928811185937086,-0.6096086832650222,0.3891831582219625
1.5218858052402189,-0.6173602066223535,0.34065885498098325
1.372887226975748,-0.6364582348723159,0.2472105134708037
1.6210139318316203,-0.19862492587029856,0.580554125935262
1.0564114709050787,-0.5245885290949042,0.12541147090508664
0.8057322977329768,-0.5018553756426373,0.001369049527088731
0.4612066845384427,-0.5546770545791426,-0.2075700632850811
0.4493947502899166,-0.27417822892731897,-0.08367413202277835
0.07559491227044042,-0.37274611209595804,-0.33047329260284064
-0.13530861251545964,-0.34198089328407943,-0.4313110343132187
-0.17727416997070305,-0.19000394059719722,-0.387212502960677
-0.43948642055988446,-0.3168796393733348,-0.5927873164358526
-0.34580390443269593,-0.15332483838901023,-0.4753080912239588
-0.45080774967734505,-0.25629353055119003,-0.5905271579653921
-0.3568857995345652,-0.2259026619263031,-0.5396815508775795
-0.19737319166421308,-0.18873088658096912,-0.45271269629159955
0.12399375857955362,-0.03773633500687726,-0.22795226013773418
0.22999340418136427,-0.13607874499240513,-0.23557531212262126
0.7973646545405108,0.2093646545404855,0.20936465454049863
0.9852032907002992,0.17527543987412952,0.27477200700431625
1.0729505982406518,0.05868069182708778,0.24889661695794324
1.254371292368976,0.0697289872857354,0.3337107969963651
1.368934049673369,0.06195091206510156,0.37572980101638387
1.5280259010312118,0.15751168190505582,0.49174530931925925
1.4600937878972946,0.0916147218536057,0.41359797468855697
1.5471549221235,0.24854814093693747,0.5244558179994646
1.5294901707667885,0.36621994139324626,0.5634285037567452
1.2886764094317606,0.31934869020037027,0.4086788312295156
1.1904347936800341,0.462775818046421,0.4205029985533104
0.86221297270276,0.40978595191998285,0.2192818550154495
0.6284695655100493,0.4683533046276219,0.12124631333356772
0.4720424498399314,0.6036301232154779,0.10040569804578658
0.01966544152340151,0.4246654415233731,-0.22533455847661116
-0.48614326184303863,0.15749559585883016,-0.6216834559467046
-0.24286083892658894,0.5904846229214673,-0.29318412542164757
-0.24457814818349508,0.7186678636790719,-0.23935119792426132
-0.38883845888490576,0.6376513429738223,-0.3611404985131601
-0.413416042645699,0.6072971949214835,-0.3974956472455432
-0.10049279091241273,0.8477053506429612,-0.12944554146600148
-0.13661021260035713,0.6791033497727516,-0.24013546576976613
0.2598957036010814,0.8939475754309201,0.05750607796705304
0.3405899994699087,0.7578807677178901,0.022093866650263107
0.6516734768768203,0.833504959344847,0.20803977337042506
0.8138607271561998,0.7591394618203887,0.24487076055829474
1.1144926267642519,0.839731401080229,0.42874038162744244
1.2506509606225384,0.7887683786642962,0.46494240987493196
1.401736394076842,0.7997363940768506,0.5399287729415151
1.2816514618866572,0.5973410291021988,0.3730116274430461
1.5533914236076183,0.8513602915100359,0.6305851971881018
1.5585360489760423,0.9056724785569513,0.655385587005504
1.4938193257782082,0.9546676706379505,0.6429813736148186
1.2120296096173493,0.8443061587391848,0.44275288508575694
1.1840212877836707,1.0345940935697895,0.5201358489408877
0.8026634011845707,0.904270182371101,0.26093904389111555
0.631838312255611,1.0007662244374247,0.2208238946919712
0.4376102119491334,1.0724957302849416,0.1570330291470512
-0.1648202142880248,0.7170106119371111,-0.3240540490429954
-0.006422636547261218,1.0868963545325003,-0.06162680397535317
-0.2698372079182521,0.9853919930473506,-0.24538374658980466
-0.2993170224168636,1.0574095086605972,-0.22499396831465274
-0.29867841632521813,1.092321583674782,-0.2076784163252181
-0.22316746406677657,1.1325590670106918,-0.14984440996456194
-0.41985032731475314,0.8333788736508643,-0.3973968659862985
0.17271869251820987,1.2630376835979922,0.11451452509012813
0.355086519922047,1.2329173461472076,0.19185268516708873
0.34451937465550364,0.9744048929913407,0.058942191853435424
0.6486970882058327,1.0116250003876763,0.23168267064220738
0.9678528647432528,1.0624596459298106,0.41912850744981134
0.9711369735993471,0.8137097793854908,0.2992515347565766
1.4421705150123691,1.0654470641341844,0.6638937904807667
1.5029690605204642,0.9538174053802234,0.6421311083570821
1.7322966592456321,1.0684330888265485,0.8181461972750975
1.4726800729529845,0.7586489408554054,0.5378738465334688
1.6949730257135316,0.997662592929069,0.7733331912699173
1.29669341137712,0.6806934113771183,0.42088579024178696
1.4449213006902282,0.9680387187319658,0.6442127499426116
1.0076117529708273,0.7168505272867836,0.3058595078340061
1.131679051265464,1.0599577859296296,0.5456890846675458
0.5979954337422454,0.7618269162102437,0.13636173023583587
0.288703023057663,0.686993791305617,-0.048793109761996314
0.24629264071913398,0.8603445125489482,0.023903015085093376
-0.05832523168304425,0.7363883306900494,-0.18285048485246228
-0.31241866636807625,0.6137794751872834,-0.36337141692167213
-0.39469667522792995,0.6030165623392504,-0.40177627982777686
-0.4335704418851849,0.5689193599735487,-0.42987248151343815
-0.3520743941972507,0.5861716176653292,-0.3718474439380121
-0.2241383454428415,0.5832071164052289,-0.30046163193789305
-0.09778087596743615,0.5188579817344587,-0.26032107007109084
0.10639963077676087,0.48339963077676323,-0.1666003692232383
0.4968462338672087,0.5994339072427891,0.09620948207307894
0.6149454716619512,0.4248292107795522,0.07772221948548379
0.9567429030465237,0.4733158822637189,0.2828117853591993
1.1768852949796467,0.4172263193460649,0.3749534998529367
1.310723377453038,0.3083956582216678,0.3977257992508031
1.4688563720411367,0.27158614266760867,0.46879470503110066
1.7215703210319155,0.38796353984536736,0.6638712169078853
1.6983260119040235,0.29384694586034144,0.6158301986952871
1.5572801576978539,0.14976593857169068,0.4839995659858978
1.624932434509815,0.2799492969015404,0.5937281858528243
1.2419020991100262,0.018259794026772733,0.2822416037374068
1.1382529764669809,0.08398307005339933,0.2741989951842614
0.8740545006666922,0.023126649840495006,0.12262321697069543
0.6690067532780206,0.03900675327802373,0.039006753278022645
0.2382568489960699,-0.17081530017771987,-0.270311867307928
0.052640078419068995,-0.15309001516738652,-0.3433059402982312
-0.12975166701782442,-0.1661093619346006,-0.430091171645221
-0.25212183221997986,-0.16713869461172504,-0.48091758356299996
-0.41880848668485404,-0.27129426755869945,-0.6055278949729034
-0.37677422309171,-0.23229515704802434,-0.5542784098829729
-0.3350982831037889,-0.2614915019172251,-0.5373991789797519
-0.1798749459444652,-0.24260471657093854,-0.4398132789344308
-0.05907283647872197,-0.31674511724731497,-0.4060752582764697
0.17909241373187082,-0.32124861063450305,-0.2789757911413979
0.36330013354764734,-0.4132728456695608,-0.22276874876503394
0.7147834651844414,-0.35510027393310917,-0.007993282639066956
0.9214436255311212,-0.44114404784445915,0.062080377325248084
1.0223018821085579,-0.6146981178914005,0.03530188210857804
1.1194288383782072,-0.7572100193236917,0.02196903248185883
1.5029942615875111,-0.5643512002605329,0.3193175480825749
1.7810174234895206,-0.4172285883730445,0.5407904732302886
1.7169733942985075,-0.5455164075602232,0.45327543392676134
1.5453893938295993,-0.7123238437375905,0.29246899842944063
1.6263894118728752,-0.559808729682477,0.41734216242647393
1.2150888668319555,-0.8396246955411687,0.07961412000135748
1.172678747152579,-0.701373124677229,0.13506837278662337
1.116738742892336,-0.5415520253556612,0.19423487571197304
0.5635903267441462,-0.8602411557238969,-0.2347759697494674
0.314473911417414,-0.87380482324674,-0.3595361219846629
0.23448512188980083,-0.7347536524261942,-0.323762632973398
-0.023158333398580255,-0.8062757514403089,-0.4824497826509598
-0.3799190765203019,-1.0239190765203219,-0.7641114553849802
-0.4021989433738995,-0.9648885105894474,-0.740559108930291
-0.3936989766380474,-0.9396678445404665,-0.7188927502185313
-0.20967336386052032,-0.8058097934414232,-0.5555229018899794
-0.19782060613551056,-0.9086689509952736,-0.5969826539721309
0.08677286899608058,-0.7965036801257429,-0.3949504064723206
0.22041916521793312,-0.8821536405682179,-0.36769539593930034
0.4467992278436752,-0.9078075533428361,-0.26447641486286033
0.7088436737270956,-0.9140842384547002,-0.13414190870925544
0.7589579893927527,-1.1309275289430383,-0.21546482780515616
1.0321701425163063,-1.105660683708813,-0.06459602272871484
1.359572208621408,-0.9907467824583802,0.15777637604948644
1.3719221692966483,-1.141307031668945,0.08946870796820558
1.577320979524546,-1.038405551552925,0.24399792542233023
1.8078607105065152,-0.8431392894934848,0.4568607105065151
1.4852282838963535,-1.1314982471811195,0.1509052297941366
1.4083551928452966,-1.1068740081203303,0.12390173151683719
1.22788000491269,-1.1254389861671055,0.023084172340764902
1.2197719367348283,-0.9220588894902986,0.1190057714898033
0.9430279111406774,-0.951857607195177,-0.036394906057263254
0.7303798352216747,-0.89854807696013,-0.11860574721468063
0.2027055224524154,-1.1589012587341632,-0.5155701202541526
-0.04870881496076099,-1.1592816207469219,-0.6448233761179987
-0.09011830335004657,-0.982394852471874,-0.5808415788184504
-0.1621833621803882,-0.8830317070401866,-0.5713454100170254
-0.13491293220192002,-0.742049361782828,-0.49176247023138075
-0.3548219292038403,-0.9127907971062594,-0.6920157027843241
-0.3776816120169383,-0.9533711792324726,-0.7290417775733219
-0.2066740783926883,-0.8646740783926756,-0.6048664572573503
-0.1108348518708171,-0.9089522699125799,-0.5851263011232136
0.04066619558061485,-0.9445725787353727,-0.5335815592825803
0.3188610007639955,-0.8864177339001502,-0.3721490326380772
0.7298787832416045,-0.711952699226382,-0.08648751325197825
0.9571105373267692,-0.7201802309211692,0.015606670146436935
1.1060001798365269,-0.7880516919933228,0.04838980547055038
1.3204374003670902,-0.7552761620059928,0.16396265353651435
1.5270532870120932,-0.6811448545432597,0.2960060375656933
1.4968029987391898,-0.7839102388279982,0.2208826033390321
1.5523145916169603,-0.7341752102417762,0.26461663124521295
1.6126334658488142,-0.6106125460137533,0.3474065155895811
1.2919956963869768,-0.8013497654610717,0.08231898288203851
1.4566563253952847,-0.4469825323066205,0.33219651949893336
1.0872786706997175,-0.5777213293002978,0.07227867069970931
0.7161180515776331,-0.6754696217980234,-0.1722451966282742
0.6877690937002495,-0.41211464541731646,-0.06500765412326454
0.48442894765070915,-0.3231440315665076,-0.13263993466197632
0.09446492020496784,-0.4378761041614698,-0.39560328466833083
-0.023751333488626573,-0.31442361425727283,-0.4037537552863988
-0.33961592219993364,-0.43634569282638314,-0.6335542551898873
-0.1276374413202518,-0.08903066013371197,-0.3649383371962246
-0.46644241364084094,-0.35796334759715553,-0.6799466004321039
-0.280619336872644,-0.17010511774648734,-0.5043387451606921
-0.07385123971825651,-0.02686810210996908,-0.3406469910612603
0.15464123886331843,0.07928354394654831,-0.184698265764075
0.05274622379390208,-0.19298386979250393,-0.38319979492337114
0.40842818293383165,-0.041643966239956906,-0.14114053337016338
0.5628714928912995,-0.10912850710868872,-0.10912850710869401
0.9120617680757336,0.018133917249592554,0.11763048437976716
1.302064296074729,0.20379438966114755,0.39401031479201165
1.6265869482960902,0.35794464321284264,0.6219264529234738
1.3707426730343064,-0.02024046457394274,0.29353842437733046
1.7877447291938118,0.33323051006766535,0.6674641374818642
1.8001820466800302,0.34770298063634797,0.6696862334712939
1.7248028854202226,0.3421961042336651,0.6181037812961898
1.4761034113678941,0.22883318199436137,0.4260417443578557
1.4910960197850596,0.437768300553636,0.5270984415828001
1.1762557670477318,0.3645967914140862,0.3223239719209919
0.9596605018001125,0.42323348101735403,0.23272938411281144
0.7940981716473157,0.5499819107648443,0.20287491947081404
0.33277302786673246,0.3803607012422978,-0.12286372392740284
0.09988670531513735,0.42088670531513184,-0.22911329468486571
0.05361298610386356,0.6132518438057059,-0.16592720799981553
-0.25572169452524735,0.4936237673228186,-0.3900449810203011
-0.43517722257558433,0.44406878928699334,-0.5139502723163469
-0.07419605813246466,0.8682937437262631,-0.13049809776071913
-0.3448716763525069,0.5918415612146904,-0.4129512809523453
-0.31631680412382135,0.5478813374315656,-0.4292695546774019
0.06858680665225607,0.8003003690253507,-0.11893844651715983
0.18429877243448425,0.7343506442643057,-0.10209085319955263
0.3619310352141307,0.6952218034621435,-0.04056509760549777
0.6744249827362603,0.7722564652043241,0.1467912792298836
1.1205835584793438,0.9818622931434628,0.46759359188140254
1.1664765938538744,0.8077153681698835,0.3967243487170809
1.3934044020983773,0.8475218201401211,0.5236958513507639
1.519816500319849,0.8338165003198513,0.5740088791845179
1.5792910569995164,0.8109806242150676,0.5866512225559101
1.6253134753200207,0.8392823432224382,0.6185072489005042
1.5321474080077446,0.7952838375886411,0.544996946037201
1.45464953763792,0.8314978824976721,0.5198115854745351
1.1563999337551651,0.7046764828769745,0.30312320922355973
1.1969608872169928,0.9635336930030772,0.4490754483741933
0.9095265288968705,0.9271333100834197,0.28380217160342475
0.7363003620542202,1.021228274236055,0.24128594449059038
0.30954987775613296,0.8604353960919053,-0.0550273050459672
0.15652274107935124,0.9543535673044548,-0.08671109367563559
-0.13224836250105854,0.8770706285787578,-0.2714525299291232
-0.08143451745210001,1.0897946835135124,-0.1409810561236477
-0.354617955297182,0.9181085757802838,-0.36429490119496855
-0.423710997368166,0.883289002631834,-0.4167109973681661
-0.2326141091766821,1.0391124219007961,-0.24329105507446266
0.03843370125343429,1.207662902219042,-0.02311283741811601
-0.1416040078716246,0.8647149832081842,-0.28380817529969316
0.11127964145569397,0.9051104676808375,-0.13595419329927289
0.5007421312840655,1.0466276496198825,0.13116494848198762
0.8164830796489735,1.0954109918308543,0.3154686620853667
1.0736336088320442,1.084240390018583,0.44090925153859317
0.9637458725823733,0.7223186783684978,0.20786043373959368
1.5498951368885672,1.0891716860104115,0.6876184123569784
1.5073021775931574,0.8741505224529353,0.5624642254297847
1.6360696020734666,0.8882060316543955,0.6379191401029374
1.6689263845928275,0.8708952524952482,0.6501201581733116
1.5544277589785667,0.7731173261941092,0.548787924534955
1.665607226945254,0.9656072269452336,0.7057996058099114
1.2899667920463942,0.7290842100881056,0.4052582412987645
1.1340368105629466,0.7592755848789653,0.3482845654261578
0.9240901579356368,0.7683688925997709,0.25410019133770184
0.5516814487544404,0.6315129312224584,0.006047745248040665
0.5519539852895272,0.8662447535374957,0.13045785246987654
0.3976640033003499,0.9277158751301366,0.0912743776662941
0.05273346582099628,0.7634470281941039,-0.15579178734841476
-0.07178059315220907,0.7704175484031374,-0.20673334370581314
-0.3813890458439497,0.532324191723236,-0.47246865044379405
-0.1664685295255455,0.7520212723331883,-0.24677056915379872
-0.3234117978604766,0.5308342140021133,-0.4271848476012331
0.010252627879797999,0.7335980897278589,-0.15007065861525834
-0.12918033509460722,0.4034585226072681,-0.3757205291982699
0.20810361531693589,0.5011036153169769,-0.14889638468304583
0.5256441693526045,0.5442318427282148,0.041007417558491535
0.6055116663044242,0.33139540542194246,-0.015711585872082726
0.8941933412292822,0.3267663204465203,0.13626222354197734
1.123641796553744,0.2799828209201455,0.23771000142702559
1.4468155187749594,0.3604877995435756,0.4498179405727176
1.5887038957688373,0.307433666395328,0.5046422287588104
1.679297732828786,0.261690951642233,0.5375986287047533
1.6220409594044989,0.1335618933608172,0.4555451461957627
1.5106566261838852,0.019142407057727157,0.35337603447193155
1.5550728897252544,0.12608975211698276,0.439868641068267
1.1710290458500596,-0.13661325923321288,0.1273685504774286
1.067872373832047,-0.07039753258151739,0.11981839254933602
0.7734653639416613,-0.1614624868845238,-0.06196591975432736
0.6400201978744464,-0.07397980212558021,-0.07397980212556855
0.47349713797448567,-0.019575011199339767,-0.11907157832953007
0.14093101508445555,-0.14879907850193347,-0.3390150036328114
0.22605335122146325,0.10569565630470124,-0.15828615340592628
-0.19610559965774305,-0.19512246204947814,-0.5089013510007582
-0.27598295619282776,-0.21246873706668257,-0.5467023644808818
-0.38802081974306524,-0.3275417536993793,-0.649525006534328
-0.29544707483237126,-0.3058402936458338,-0.5817479707083455
-0.2026090970553671,-0.3493388676818147,-0.5465474300453219
-0.09443894774487926,-0.4361112285134859,-0.5254413695426339
0.30385403030208596,-0.2804869940643112,-0.23821417457119254
0.40208680224856075,-0.4584861769686047,-0.2679820800641012
0.5902806760445194,-0.5636030630730505,-0.21649607177899866
0.8521997010273377,-0.5943879723482677,-0.09116354717854609
1.171839200151461,-0.549160799848514,0.10083920015147291
1.351795693234115,-0.6088431644677572,0.17033588733778
1.725588503502901,-0.42575695834512406,0.4579117899979742
1.74681448185954,-0.5354315300030299,0.42258753160030543
1.686863796813788,-0.659626005044948,0.3391658364420409
1.7068949173408734,-0.6348183202263205,0.3699745219407111
1.5651966178400383,-0.7050015237153323,0.27214936839362786
1.4716876854901604,-0.6670258768829097,0.25221293865958944
1.2046203713598016,-0.7534315004700337,0.0830099969938308
1.004686840261441,-0.737603927986537,-0.0018170269189124663
0.691065697721502,-0.8167657847465257,-0.19130059877210262
0.48209482842673473,-0.7901839062374552,-0.2759152049753602
0.12573393774522046,-0.9275048365707574,-0.5165138171179698
0.15801915982304224,-0.709098258218709,-0.38527228942934977
-0.07708127541164034,-0.8050812754116503,-0.5452736542763137
-0.3265885208956091,-0.9732780881111551,-0.7489486864519986
-0.30998250239127656,-0.9399513702936925,-0.7191762759717597
-0.18076780796371975,-0.8609042375446275,-0.6106173459931813
-0.1720932070894711,-0.9669415519492437,-0.6552552549260963
-0.004405376615210888,-0.9716819257370057,-0.5701286520835985
0.098157126598611,-1.0884156791875075,-0.5739574345586063
0.3800639167073414,-1.0585428644792456,-0.41521172599923156
0.8349805205312932,-0.871947391650522,-0.09200506190506741
1.020498300749423,-0.953387217586387,-0.03792451644849553
1.2559023426542626,-0.9659284835708233,0.07513617740925779
1.3213249944642542,-1.1129939966155082,0.035529161892345756
1.5037887854432461,-1.0934404155223862,0.137335324114784
1.6233358028172058,-1.076390728260255,0.20601274871499486
1.8181616895046715,-0.9168383104953283,0.38316168950467167
1.695153380842494,-1.0055731502349743,0.2768303267402794
1.628442592446107,-0.9707866085195387,0.2599891311176382
1.3466204744349595,-1.090698516644822,0.05782464186304162
1.2133412216626256,-1.0124896045624845,0.028575056417609036
0.8074080528452953,-1.1714774654905404,-0.25601476435263604
0.6843101770193871,-1.0286177351624548,-0.24867540541698693
0.5609263778503419,-0.8846804033362727,-0.24134926485624414
0.2724015788657798,-0.922171226920364,-0.40771298229144937
-0.0024548824682415343,-0.9787314315900553,-0.5771781579366386
0.002992370763122254,-0.8018559740966664,-0.49016967707351006
-0.1978794456919838,-0.8890158752729016,-0.6387289837214495
-0.21409059344486528,-0.8560594613472845,-0.6352843670253491
-0.5154087688063198,-1.1750983360218594,-0.950768934362706
-0.13563650369845798,-0.877636503698455,-0.6178288825631247
0.016070694384012832,-0.8660467236577238,-0.5422207548683706
0.17614235139295065,-0.8930964229230048,-0.48210540347022834
0.3930375523442371,-0.8962411823199278,-0.3819724810578452
0.8346487122246613,-0.6911827702433448,-0.06571758426893115
1.0917430210153831,-0.6695477472325745,0.06623915383504132
1.1657222565044267,-0.8123296153253863,0.024111882138467183
1.4453892344564976,-0.7143243279165592,0.20491448762593492
1.5367834415584232,-0.7554146999969397,0.22173619211201834
1.7286656715107251,-0.6360475660564682,0.3687452761105648
1.7783869790509639,-0.5921028228077726,0.40668901867921664
1.7980098188333018,-0.5092361930292755,0.44878286857406385
1.7206849805318574,-0.4566604813161817,0.4270082670269238
1.6091154112555441,-0.3785234464463477,0.4006556053591994
1.172522134443062,-0.5764778655569368,0.07352213444306208
0.7144274265985542,-0.7611602467770835,-0.2579358216073437
0.9245811906665542,-0.2593025484510492,0.0878044428430215
0.3769821240829555,-0.5145908551342426,-0.3240867582297206
0.2674512260125991,-0.3488897983538218,-0.30661697886069106
0.20159290990520085,-0.17307937086343184,-0.26240951189256456
-0.2148532278465214,-0.3955829984729897,-0.5927915608364843
-0.34733776948707873,-0.39273098830054876,-0.6686386653630565
-0.323518640598851,-0.2990395745551658,-0.6210228273901139
-0.34268840287386193,-0.31617418374771067,-0.6504078111619128
-0.04267818983932563,-0.07969505223104827,-0.3934739411823343
-0.03394680118788507,-0.1933044961046292,-0.45728630581526547
0.25956017477523685,-0.07016991881113716,-0.26038584394202025
0.29995072405297635,-0.23412142512083145,-0.3336179922510283
0.6163950593302933,-0.1396049406697148,-0.1396049406697101
0.9064688939970221,-0.07145895682913814,0.028037610301046123
1.172488034076689,-0.009781872336860273,0.1804340527939879
1.3877993509818913,0.03515704589862968,0.299138855609268
1.6597805332436641,0.1847973956354049,0.49857628458668324
1.908862948200904,0.37034872907475225,0.7045823564889538
1.7106801714054498,0.17420110536176736,0.49618435819671336
1.5995084065592753,0.13290162537271477,0.40880930243523905
1.51755114901723,0.186280919643707,0.38348948200719657
1.4558869741182217,0.31855925488681147,0.4078893959159688
1.2608480555147599,0.3651890798811309,0.3229162603880283
1.1445991890593155,0.5241721682765207,0.3336680713719962
0.6997992089009977,0.37168294801848883,0.024575956724477377
0.5503696888954881,0.5139573622710721,0.01073293710136218
0.26928369322608064,0.5062836932260919,-0.14371630677391392
0.04355565611706825,0.5191945138189241,-0.25998453798660404
0.03761304730097967,0.7029585091490268,-0.18071023919408344
-0.19782395057400723,0.5974220612885751,-0.3605970003147673
-0.2430227916107292,0.6154670102479984,-0.3833248312389837
-0.3082501068589536,0.5444631307082384,-0.46032971145879464
-0.16479394190148694,0.6154041996538899,-0.36174669245507246
0.034188300884062044,0.6819018632571827,-0.23733695228534082
0.41465526132325337,0.8807071331530577,0.044265635689207966
0.42055299703951377,0.6698437652875072,-0.06594313578012437
0.7552776123117528,0.7691090947797968,0.14364390880536634
1.0872180580971214,0.8644967927612766,0.3502280914991984
1.1668535040097279,0.7240922783257688,0.3131012588729503
1.4852753984781322,0.8553928165198622,0.531566847730512
1.7540533719657836,0.984053371965776,0.7242457508304476
1.7577743907554075,0.9054639579709535,0.6811345563117986
1.70134851422798,0.8313173821304006,0.6105422878084643
1.7089150846719243,0.8880515142528115,0.6377646227013761
1.77599578108817,1.0688441259479318,0.7571578289247901
1.5647930896100006,1.0290696387318237,0.627516365078402
1.265869306872284,0.9484421126583853,0.4339838680294928
0.92788141751014,0.8614881986966532,0.21815706021667625
0.7932765919374748,0.994204504119329,0.21426217437385475
0.41070688735725497,0.8775924056930462,-0.03787029544483575
0.3288416897065566,1.0426725159316772,0.0016078549515782803
0.10732151626271061,1.0326405073425007,-0.11588265116536722
-0.2067703481481893,0.8804588528174044,-0.35031688681974626
-0.33429909414654346,0.8544274369309275,-0.4279760400443275
-0.22016329468965481,1.002836705310345,-0.29716329468965486
-0.2749245821160017,0.9128019489614714,-0.36960152801378476
-0.14515341681084384,0.9400757841547824,-0.2906999554823848
0.20773681639520378,1.130055807475039,-0.018467351032851492
0.3034801162678367,1.0133109424929634,-0.027753718487138576
0.4667354750527128,0.9286209933885109,0.01315829225062546
0.8393239807067195,1.0342518928885809,0.25430956314310293
0.9473318782035867,0.8739386593901615,0.23060752091015368
1.341627477814252,1.0162002836003596,0.5017420389714641
1.607712347065951,1.0629888961877814,0.6614356225343552
1.7409890471850384,1.0238373920448067,0.7121510950216611
1.8338710137314214,1.0020074433123454,0.7517205517608896
1.8320821577038238,0.9500510256062448,0.729275931284308
1.743470490521352,0.8781600577368996,0.6538306560777427
1.703446665024417,0.9194466650244066,0.6596390438890796
1.6347119815248936,0.9898293995666192,0.6660034307772709
1.3513941735987312,0.8926329479147177,0.4816419284619262
0.9751783107375869,0.735457045401681,0.221188344139633
0.8806000421784634,0.8764315246465013,0.25096633867207363
0.41627609500955,0.6465668632575376,-0.08922003781009116
0.3767768551366484,0.8228287269664523,-0.01361277049739891
0.0029464868494757657,0.6296600492225572,-0.2895787663199484
-0.025732033795291348,0.7324661077600366,-0.24468478434890475
-0.43951587163614786,0.3901973659310432,-0.6145954762359895
-0.21014622336496183,0.6243435784937721,-0.37444826299321504
-0.32702288878327473,0.4432231230793103,-0.5147959385240337
-0.20071459758426693,0.4386308642638128,-0.445037884079314
-0.05143130960985698,0.39720754809200476,-0.3819715037135265
0.2906309195068336,0.4996309195068578,-0.15036908049315661
0.5682655252759246,0.5028531986515162,-0.0003712265181978133
0.9201267629711621,0.562010502088718,0.2149035107946739
1.0707581051138153,0.41933108433108957,0.2288269874265284
1.333556572231958,0.4058975965983426,0.363624777105231
1.5373100154757477,0.36698229624439704,0.45631243727352033
1.5604662406970693,0.19519601132355052,0.3924045736870377
1.8947511542761633,0.39314437308961997,0.6690520501521352
1.667272883910941,0.0947938178672594,0.4167770707022047
1.6625062640945036,0.0869920449683512,0.4212256723825528
1.767303378626895,0.2543202410186333,0.5680991299699125
1.4934864601001065,0.10184415501684808,0.3658259647274824
1.341105106670241,0.11883520025663769,0.30905112538751267
0.8538728424043172,-0.16505500842184873,-0.06555844129166194
0.7711931026354482,-0.02680689736455878,-0.026806897364557117
0.5963622028201301,0.01929005364632383,-0.08020651348387614
0.10203067067328914,-0.2716994229131741,-0.4619153480440172
0.02725912932413671,-0.17709856559265147,-0.441080375303266
-0.07577498842997085,-0.1587918508216959,-0.47257073977298103
-0.1193356270689236,-0.1398214079427731,-0.4740550353569751
-0.32970781695899454,-0.3532287509153085,-0.6752120037502574
-0.044857684321547464,-0.13925090313500005,-0.4151585801975167
0.0012128865977419911,-0.2295168840286868,-0.42672544639220356
0.08947418855292967,-0.3361980922156906,-0.42552823324483174
0.24262748681736981,-0.42571353754904423,-0.3834407180559173
0.582784411864218,-0.36178856735296605,-0.17128447044845327
0.7414413439761057,-0.49644239514142685,-0.14933540384739377
1.0535466832219287,-0.47704099015357926,0.02618343501609166
1.3924120966467723,-0.4125879033532197,0.23741209664677548
1.7354683015549652,-0.3091705561469208,0.4700084956586231
1.5546822707462795,-0.6806631911017553,0.20300555724134772
1.6991493218030196,-0.6670966900595403,0.29092237154378997
1.9275866693784438,-0.502903132480292,0.4958887090066966
1.8019391511450438,-0.6237740864221448,0.381018755744884
1.6726417476604558,-0.6815563938949044,0.2955944982140506
1.4713787590822967,-0.7513348032908046,0.1679040122517116
1.3195563411478095,-0.7224955306820577,0.11394596678182267
1.2489006817342256,-0.5773900865137332,0.15839681455388163
0.8922316783745359,-0.6995998040935246,-0.07413461811908659
0.6704575573146868,-0.6858211773494841,-0.17155247608739865
0.3418211654460161,-0.795417608869994,-0.3844265894171905
0.3036227782499896,-0.6474946397917916,-0.32366867100241625
-0.16207626752435356,-0.9740762675243536,-0.7142686463890221
-0.18784808788862073,-0.9185376551041615,-0.6942082534450078
-0.14500842992898835,-0.8589772978314042,-0.6382022035094715
-0.09268562675538283,-0.856822056336281,-0.6065351647848396
0.004968847707048835,-0.8738794971527335,-0.5621932001295812
0.05297377966065103,-0.9983027694611575,-0.5967494958077435
0.2364828912890068,-1.0340899144971287,-0.519631669868219
0.5201487994597472,-1.0024579817267472,-0.3591268432467799
0.8231848052331776,-0.9677431069486004,-0.18780077720316452
1.1163094651954504,-0.9415760531403784,-0.026113352002477483
1.2875993993412478,-1.018231426883855,0.022833234096234417
1.5414904336205224,-0.9768285574592539,0.17169460104860707
1.7529461042307122,-0.9282830967349016,0.3024926429022594
1.6636326914456014,-1.1200938396318496,0.16230963734339537
1.7516458515025728,-1.0673541484974272,0.2326458515025729
1.7329134184430837,-1.0518131126343793,0.2305903643408717
1.6585397260724908,-1.024689474893145,0.20608626474402697
1.4878868691094411,-1.0334321219703666,0.11509103653750999
1.242475646938412,-1.0673551792867806,-0.02629051830664554
0.8773553569967528,-1.1855301613390639,-0.27006746020116906
1.0375420412323049,-0.7593858709495176,0.020556458795940563
0.5835144208675248,-0.946092360319071,-0.3027612218390519
0.5054257047574453,-0.7731471010287287,-0.2586888563997996
0.09929428890301559,-0.9609822602187843,-0.5594289865653744
-0.08073750355520654,-0.9695858484149856,-0.6578995513918341
-0.09487199406333788,-0.8700084236442507,-0.619721532092801
-0.06959884253704526,-0.7955677104394647,-0.5747926161175293
-0.3097893476982493,-1.053478914913779,-0.8291495132546307
0.1164102542706546,-0.7095897457293525,-0.4497821245940172
0.04706070895947617,-0.9190567090822381,-0.5952307402928949
0.3212767249538531,-0.8319620493621196,-0.4209710299093345
0.6625150530360399,-0.7107636816280891,-0.19649498036602442
0.8913801822667581,-0.7184513002012112,-0.09298611422681581
1.0199449294646634,-0.8253458387833132,-0.08955893771568789
1.437424467176254,-0.6246274046535759,0.21181409281028607
1.55249136777251,-0.6912221946005608,0.22801662094194033
1.7790646594553965,-0.5971334820999481,0.3800174100090008
1.8169373257001875,-0.6317759118670108,0.37301693030002486
1.7150948841653222,-0.7393949176934146,0.2593969237935749
1.796427784332652,-0.5948182275299205,0.36320083407341636
1.6545695889676473,-0.6067758728804105,0.27689287546270447
1.5042495270377547,-0.5673893306641634,0.21178972114139696
1.3805617733518123,-0.4524382266481695,0.19756177335182104
1.129414876939527,-0.4301727964360922,0.07305162873363838
0.8823842987672,-0.38549944035038397,-0.03839244905632291
0.5505959701063408,-0.4249770091108871,-0.2344729122063521
0.22971362621547595,-0.4706273981509773,-0.42835457865783033
0.22565293992556557,-0.23301934084305354,-0.3223494818721929
-0.002210410052933102,-0.26694018067939185,-0.46414874304289117
-0.0434434702757676,-0.1728366890892329,-0.4487443661517429
-0.14430732559174225,-0.20382825954805728,-0.5258115123830052
-0.08471046826771422,-0.14219624914156817,-0.47642987655576763
-0.05105322543113246,-0.1720700878228651,-0.485848976774146
0.225967993138193,-0.017389701778565234,-0.28137151148919437
0.44031430207639144,0.026584208490000275,-0.16363171664087414
0.5997343051146545,-0.0183378440591176,-0.11783441118933222
0.9922347981766672,0.15223479817663918,0.15223479817665386
1.2279311837394438,0.16600333291326438,0.2654999000434583
1.373227900531957,0.10695799411839044,0.2971739192492473
1.5371305106714432,0.10048820558820772,0.36447001529883305
1.8099889787199646,0.25100584111172364,0.5647847300629928
1.7685730122237546,0.1460587930975974,0.48029242051180165
1.8210802228420184,0.20060115679833573,0.522584409633282
1.846921465867946,0.2963146846813905,0.5722223617439124
1.5748027042857897,0.15953247491224767,0.3567410372757468
1.5127676957465364,0.2914399765150998,0.3807701175442705
1.3278784955955694,0.3482195199619574,0.3059467004688464
1.0691758825857907,0.36474886180301475,0.174244764898481
0.9147192690567266,0.5026030081742372,0.1554960168802161
0.677288354186637,0.5568760275621849,0.05365160239249306
0.21888754826026013,0.37188754826028814,-0.278112451739726
0.27812767140620764,0.6697665291080772,-0.10941252269745766
-0.00983631552858891,0.5715091463194678,-0.3121596020236472
-0.06580808062002932,0.6454379312425432,-0.31258113036079427
-0.11131138092682284,0.6631784209319102,-0.33561342055507626
0.0228417012508155,0.7915549388180022,-0.21323790334902806
0.12268083132455704,0.8188789728799242,-0.1582719192290334
0.0733866579140377,0.6371002202871445,-0.28213859525537205
0.3528918654545446,0.734943737284381,-0.1014977601794847
0.5925206049287006,0.75781137317673,0.02202447210908049
0.5336458039571634,0.46347728642518776,-0.16198789954923284
1.11164570329972,0.804924437963856,0.2906557367017874
1.374861298548171,0.848100072864195,0.437109053411385
1.6953290288456404,0.9814464468873964,0.657620478098033
1.600529329551772,0.7465293295517546,0.48672170841643114
1.8345571323610355,0.8982466995765759,0.6739172979174237
1.78079211951419,0.8267609874166104,0.6059858930946741
1.8039284242644704,0.8990648538453623,0.6487779622939245
1.7476079665069626,0.9564563113667085,0.6447700143435742
1.6240668188972136,1.0043433680190526,0.6027900943656221
1.5366141300067735,1.1351869357928919,0.620728691163991
1.1293832633250993,0.9789900445116313,0.33565890603164494
0.9635121115121738,1.0804400236939906,0.3004976939485351
0.7608174329398828,1.1437029512756367,0.22824025013777374
0.37011925931956147,0.9999500855446979,-0.04111457543540853
0.0822366103200926,0.9235556013998956,-0.22496755710797856
-0.1471866728524067,0.8560425281131974,-0.37473321152395866
-0.05867620770768839,1.046050323369773,-0.2363531536054772
-0.13174704769064435,1.0072529523093556,-0.2927470476906443
-0.06628020294864695,1.0374463281288209,-0.24495714884643266
-0.07713520183286864,0.9240939991327478,-0.3066817405044145
0.04092946619521824,0.8792484572750403,-0.2692747012328439
0.41533229415240674,1.0411631203775666,9.845939744780596e-05
0.6339467724580117,1.0118322907937896,0.09636958965591451
0.7641235739042713,0.8750514860861132,0.09510915634064505
1.1313246448963838,0.9739314260829399,0.3306002876029414
1.381932360521724,0.9725051663078639,0.458046921678952
1.5924912678448748,0.9637678169667314,0.562214543313292
1.7274359458865916,0.9262842907463501,0.6145979937232091
1.9403137699752953,1.0244501995562116,0.7741633080047605
1.857950727544827,0.8919195954472449,0.6711445011253105
1.9345380147316376,0.9852275819471726,0.760898180288023
1.6943470541110264,0.8263470541109973,0.5665394329756795
1.3881396081636672,0.6592570262054064,0.33543105741605117
1.3284283208088754,0.7856670951248791,0.374676075672079
1.0442629067191336,0.7205416413832508,0.20627294012119002
1.0459227872653385,0.9577542697333438,0.33228908375893107
0.5664041038460134,0.7126948720940246,-0.02309202897361748
0.23468721073192816,0.5967390825617445,-0.2397024149021115
-0.0024097378969952787,0.5403038244760952,-0.3789349910664136
-0.14523819154206843,0.5289599500132695,-0.4481909420956769
-0.06613976795192414,0.6795734696152573,-0.3252193725517707
-0.11442207481957808,0.636067727039156,-0.3627241144478312
-0.008807341109473316,0.6774386707531125,-0.2805803908502338
0.06594294015004767,0.6212884019981236,-0.26238034634500307
0.20936583287865068,0.5740046905805449,-0.20517436122500454
0.4870833432824893,0.6120833432825397,-0.03791665671748598
0.5192581551702006,0.3698458285457733,-0.13337859662393137
0.9288004631521316,0.48668420226966796,0.13957721097563358
1.102673037679908,0.3672460168971637,0.17674191999261177
1.3802937473942278,0.36863477176064474,0.32636195226751685
1.5756449246895288,0.32131720545821124,0.4106473464873158
1.8262065926942856,0.37693636332075026,0.5741449256842476
1.8519381115519418,0.2663313303653867,0.5422390074279098
1.791947323939231,0.1354682578955497,0.45745151073049484
1.8546627131597437,0.19514849403358173,0.529382121447788
1.5751076842552387,-0.021875453353013108,0.29190343559826104
1.5543316668257312,0.07868936174248686,0.342671171453114
1.1432413377852022,-0.1630285686283768,0.027187356502483828
1.1055862033648984,0.002658352538703869,0.10215491966890275
0.7038401161444594,-0.1781598838555916,-0.17815988385556583
0.7646350793191311,0.1035629301453368,0.004066363015132857
0.33178510655949944,-0.12594498702694656,-0.3161609121577983
0.30093955533052635,0.012581860413752241,-0.25139994929686943
0.1735951279678828,0.006578265576139358,-0.30720062337513665
-0.1502736453270197,-0.2547594262008716,-0.5889930536150746
-0.07168432884014334,-0.17920526279645005,-0.5011885156314047
-0.1153928439377024,-0.29378606275115304,-0.5696937398136729
-0.02577849040330052,-0.34050826102974574,-0.5377168233932522
0.11910919866431688,-0.3905630821042836,-0.47989322313343274
0.3136021537574097,-0.43873887060902106,-0.3964660511158858
0.6765207601390376,-0.35205221907816525,-0.16154812217364317
0.8690541743267813,-0.4528295647907706,-0.1057225734967279
0.950982361797317,-0.6636053115782033,-0.1603808864085282
1.3745525718255254,-0.514447428174428,0.13555257182554595
1.5372960365070816,-0.5913428211948241,0.18783623061073157
1.6870343265850374,-0.6323111352630069,0.25135761308010096
1.9197412835325445,-0.5305047283300202,0.42751433327331256
2.0147175237735335,-0.49977227808520236,0.4990195634017862
1.9360461448572257,-0.5736670927099725,0.431125749457061
1.5941820260090003,-0.8440161155463503,0.13313477656259964
1.5139423259747435,-0.7927712363983388,0.1264675791441663
1.3369952594337788,-0.789056612396076,0.04738488506779963
1.055465332679952,-0.8548254355680476,-0.11903853450041108
0.924690366275735,-0.7511411161923625,-0.1256759302179059
0.687313470952845,-0.7529652637113068,-0.238696562449231
0.4435057978402591,-0.7777329764757339,-0.3667419570229389
0.31279458450468733,-0.7223228335370762,-0.39849686474771095
0.21343856846129497,-0.68256143153872,-0.4227538104033821
-0.14320563256854735,-0.9578951997840797,-0.7335657981249312
-0.08906720004753012,-0.8870360679499489,-0.6662609736280138
-0.11157812116913601,-0.9597145507500419,-0.7094276591985957
0.13557366901124282,-0.8272746758485234,-0.5155883788253784
0.14670654866659982,-0.9885700004551822,-0.5870167268017814
0.37150551284686284,-0.9830672929392896,-0.46860904831037137
0.5349360748334715,-1.07167070635304,-0.42833956787306476
0.7518061206529651,-1.1231217915288307,-0.34317946178338643
0.9306404868847529,-1.2112450314510386,-0.2957823303131567
1.4937166477907269,-0.8961141784343449,0.1449504825457293
1.7077215586189716,-0.8945974324608188,0.2539257260470491
1.8129489761845035,-0.9522802247811198,0.278495514856046
1.9901253540621067,-0.8776011770153498,0.40480229995989786
2.1287338961422506,-0.7742661038577493,0.5257338961422506
1.802956493699142,-1.0657700373783159,0.2166334395969327
1.7698295251967466,-0.9973996757688788,0.23337606386828796
1.6182463326874934,-0.9870726583922996,0.1614505001155695
1.675422750344152,-0.7184080758810238,0.3226565850991028
1.2623675413230329,-0.8845179770128199,0.03094472412509315
0.8731629260050112,-1.0077649861767917,-0.22782265643134322
0.6887666854520531,-0.9248400957345237,-0.2815089572545141
0.32518502758498946,-1.03738777820117,-0.5229295335722475
0.23576574182752968,-0.9085108072942989,-0.506957533640874
0.196768900116026,-0.7760794447437691,-0.46439314772061024
-0.07122935003460756,-0.9303657796155126,-0.6800788880640676
-0.147128311262494,-0.9570971791649105,-0.7363220848429773
0.06570452815373228,-0.7619850390618028,-0.5376556374026517
0.06759693654185282,-0.8424030634581356,-0.5825954423228096
0.06211104058573738,-0.9880063774559544,-0.6641804086666213
0.33480232525979575,-0.9024364490561979,-0.49144542960340115
0.8015554621444533,-0.6557232725196989,-0.14145457125762126
0.9827305116202498,-0.7111009708477346,-0.08563578487333297
1.2606267279910526,-0.6686640402568834,0.06712286081072044
1.2820093967671926,-0.8640424750626543,-0.027600977598783744
1.5420938916782623,-0.7856196706948227,0.13361914484768553
1.7213771239302,-0.7388210176251545,0.23832987448379944
1.8902605127595327,-0.642452724807656,0.3623401173593749
1.949691630601259,-0.5887981712574836,0.40999367022951044
1.821711467518417,-0.6535345443441447,0.3044845172591852
1.6732466813269082,-0.6720987805211741,0.2115699678219549
1.824290739446946,-0.33134811825495847,0.4478309335505952
1.311381116257434,-0.6056188837425804,0.044381116257426356
1.2485554120872653,-0.39503226128839003,0.1081921638813587
0.9251367727458606,-0.4267469663717042,-0.07963997507765272
0.8210249522648038,-0.23854802695241173,-0.04804393004788085
0.3574945094882027,-0.4268465148782273,-0.3845736953850939
0.24049828433946088,-0.3021739964291781,-0.3915041374583095
-0.13591073326024108,-0.48464050388668356,-0.681849066250193
-0.04567589065763429,-0.2590691094710946,-0.534976786533607
-0.30020391040476957,-0.4437248443610849,-0.7657080971960326
-0.10417618518290495,-0.24566196605674875,-0.579895593470949
0.026652669074750904,-0.1783641933169704,-0.49214308226825493
0.14676795993929975,-0.1805897349774796,-0.44457154468809595
0.4276836406767267,-0.0700464529096747,-0.26026237804054614
0.6328884068370327,-0.06918374233675131,-0.16868030946696194
0.8308291885262421,-0.09317081147374179,-0.0931708114737512
1.0628704699759055,-0.08305738085023813,0.016439186279938012
1.3721763507162443,0.021906444302660644,0.2121223694335262
1.7438093101673513,0.2231670050841017,0.48714881479473415
1.7863101603132634,0.14332702270500522,0.4571059116562851
1.9522790999296324,0.2457648808034777,0.579998508217683
1.9962522162395748,0.29177315019588485,0.6137564030308368
1.7176223286418355,0.08301554745528456,0.3589232245178041
1.7291091650619115,0.229838935688379,0.42704749805187336
1.6757966824480062,0.37046896321658307,0.459799104245747
1.5161604370527693,0.45250146141912445,0.41022864192602987
1.247962657187816,0.45953563640505884,0.2690315395005158
0.9059951079979428,0.4098788471154791,0.06277185582144325
0.6314539620899462,0.4270416354655191,-0.07618278970418699
0.3332873071567649,0.4022873071567665,-0.2477126928432362
0.18920550341478318,0.4968443611166263,-0.2823346906888953
0.16582943506354844,0.6631748969116146,-0.220493851431505
-0.06654663332691924,0.5606993785356321,-0.3973196830676913
-0.20565431537739723,0.48483548648133,-0.5139563550056518
-0.054191055142130115,0.6305221824250608,-0.37427065974197
0.04564895524720332,0.657847096802594,-0.31930379530637687
0.40299682920854074,0.8827103915816387,-0.03652842396087494
0.3775914580615428,0.6756433298913669,-0.1607981675724941
0.7842812623471076,0.8655720305951179,0.129785129527478
0.9146930677708941,0.7605245502389555,0.13505936426451637
1.0661599610473114,0.6754386957114283,0.1611699944493693
1.4156321761977428,0.8048709505137459,0.3938799310609477
1.6745290216588116,0.8766464397005498,0.5528204709111966
1.8124702821801584,0.8744702821801843,0.6146626610448402
2.0662061587204144,1.0458957259359676,0.8215663242768081
1.9067957559302124,0.8687646238326328,0.6479895295106965
2.007735301674685,1.0188717312555817,0.7685848397041415
1.8666940828358956,0.9915424276956486,0.6798561306725114
1.5115164923692703,0.8077930414910806,0.40623976783766536
1.4802306639422058,0.9948034697282896,0.4803452250994066
1.4882098938046715,1.2538166749912243,0.610485536511227
1.0805656846769605,1.1134935968587987,0.33355126711333194
0.7662409241537091,1.0651264424894833,0.14966374135160998
0.5073582204477515,1.0531890466728566,0.012124385692765458
0.28052940954645617,1.0378484006261919,-0.11067475788164836
0.05029213931296751,0.9695213402785807,-0.26125439935857975
0.019431825980523655,1.04015835705799,-0.2422451199172627
-0.11534581029359611,0.9396541897064038,-0.3603458102935962
0.06912859793789976,1.0888551290153772,-0.19354834795988113
-0.12366193283110849,0.7935672681344975,-0.4372084715026594
0.07664381955848518,0.8309628106382927,-0.317560347869584
0.3824342302755453,0.9242650565006872,-0.11679960447942243
0.6545302622471288,0.9484157805829441,0.03295307944505008
0.9849578712477091,1.0118857834295898,0.2319434536841016
1.2212321614049273,0.9798389425914662,0.3365078041114758
1.4300900021817384,0.9366628079679127,0.42220456333898304
1.5755325642091367,0.8628091133309773,0.4612558396775467
1.9741320401647036,1.0889803850244784,0.77729408800133
2.2430008983063225,1.2431373278872515,0.9928504363357933
2.0819371482278672,1.0319060161302882,0.8111309218083513
1.8086347132976364,0.7753242805131796,0.5509948788540248
1.7632029405011955,0.81120294050118,0.5513953193658543
1.7062119685220205,0.8933293865637374,0.5695034177743922
1.3983702442819848,0.7716090185980017,0.36061799914519616
1.292984094270885,0.8852628289350172,0.37099412767295015
0.9800765972021814,0.807908079670202,0.18244289369578293
0.6813759481519709,0.743666716399896,0.007879815332295592
0.402693171521454,0.6807450433512429,-0.15569645411260088
0.2459635834192798,0.7046771457923894,-0.21456166975013047
0.16800691425785869,0.7582050558132013,-0.218945836295746
0.10798724821891192,0.7697004857860933,-0.23509235638093307
-0.022961656844897177,0.6435281450138315,-0.3552636964731515
0.09000753336934242,0.6922535452319324,-0.26576551637141427
0.2177710745911057,0.6891165364391661,-0.19455221190395108
0.38184712096043794,0.6624859786623124,-0.11669307314322536
0.422657549028547,0.4636575490285869,-0.18634245097143548
0.6881871659528578,0.4547748393284731,-0.04844958584125475
0.9852704455703661,0.4591541846880032,0.11204719339391649
1.1155063712631517,0.2960793504803819,0.10557525357584453
1.306112744851101,0.21045376921749473,0.16818094972438044
1.8898855975063262,0.5515578782749885,0.6408880193041052
1.8407759625489475,0.3075057331754378,0.5047142955389201
1.7743681313547164,0.10476135016816362,0.38066902723068363
2.0090378733597185,0.26855880731604437,0.5905420601509838
1.9006206927746845,0.15710647364853497,0.4913401010627329
1.9561447566535923,0.2751616190453293,0.5889405079966069
1.650477705893365,0.09083540081008772,0.3548172105207335
1.638045555977276,0.247775649563707,0.4379915746945647
1.0759669819706112,-0.11096086885557108,-0.011464301725376158
0.9856483240624201,0.01964832406239612,0.019648324062406214
0.7843194496493966,0.039247300475573815,-0.06024926665461802
0.4042783813946313,-0.13745171219183958,-0.32766763732268106
0.2561887739925066,-0.1161689209242604,-0.3801507306348835
0.14277910529740762,-0.10823775709433278,-0.42201664604560823
-0.0036218629770260096,-0.19210764385087964,-0.5263412712650798
-0.06381338731755257,-0.2553343212738659,-0.5773175741088152
-0.03361331237446573,-0.296006531187928,-0.57191420825044
0.12505099582029128,-0.27367877480615665,-0.4708873371696639
0.1720671502729848,-0.42160513049562254,-0.5109352715247704
0.398663503748444,-0.4376775206179477,-0.39540470112483395
0.5950347403586832,-0.5175382388584899,-0.3270341419539808
0.8806334050662344,-0.5252503340513431,-0.17814334275728572
1.2736410447744562,-0.42494662860108917,0.07827779656860032
1.4311193358657743,-0.5418806641342019,0.10811933586578532
1.6459661285002631,-0.5666727292016099,0.21250632260392754
1.962590228496681,-0.44075523335133865,0.4429135149917551
1.8259527926283228,-0.7082932192342413,0.24972584236908935
2.0794554653585653,-0.5190343365001645,0.47975750498681946
1.85285338595847,-0.7408598516087282,0.2639329905583068
1.8233889659400275,-0.6988091756153467,0.2783417164936166
1.4942902642360505,-0.8964232981370227,0.022815517405479213
1.37669672205487,-0.8333551497749627,0.0030863476889004537
1.0784809856279032,-0.9158097826200725,-0.1800228815524493
1.0937616858246122,-0.6660697966434612,-0.04060461066901813
0.640746649572209,-0.8835320850919196,-0.3692633838298567
0.4279433755460228,-0.8772953987700063,-0.46630437931719204
0.17853001643386623,-0.9405874016079271,-0.6167614328185458
0.01307003339537971,-0.9669299666046288,-0.7071223454692931
-0.08763642988198812,-0.9863259970975187,-0.7619965954383701
0.07344527337341239,-0.8085235945290032,-0.5877485002070708
-0.015445107142707328,-0.9475815367236007,-0.6972946451721618
0.20884966118049114,-0.8379986836792823,-0.5263123866561344
0.23435167321248188,-0.9849248759093164,-0.5833716022559069
0.39150120522545145,-1.04707160056072,-0.5326133559317916
0.617976386032737,-1.072630395153795,-0.429299256673809
1.1614407612629598,-0.7974871509188004,-0.01754482117337336
1.1459232758055446,-1.079962242530267,-0.16449954139237474
1.4311044159137654,-1.042726410311322,-0.0016617493312403309
1.7266670935990813,-0.9596518974807222,0.188871261027152
1.845641460752279,-1.003587740213325,0.22718799942383103
1.8641028669006596,-1.0876236641767876,0.1947798127984555
1.9071714514234441,-1.079828548576556,0.2201714514234441
1.8304229814779494,-1.1223035495995033,0.16009992737574266
1.78260469980604,-1.068624501159576,0.1621512384775862
1.7030624910764551,-0.9862565000033652,0.16226665850451782
1.6107176897460633,-0.8671131364791458,0.1739515245009979
1.278257809786737,-0.9526277085490983,-0.03716500741119366
0.9463597145886815,-1.0185681975931034,-0.23862586784766338
0.8152086097100237,-0.8823981714765323,-0.2390670329965336
0.6155975774617441,-0.8309752283244454,-0.31651698369550835
0.3681788087310728,-0.8600977403907398,-0.45854446673732363
0.15053743426095578,-0.9063109105988322,-0.5946246135756761
0.12085997127674103,-0.822276458304162,-0.5719895667527171
0.01590153170584592,-0.8780673361965736,-0.657292241874638
-0.05764198155867899,-0.9693315487742012,-0.7450021471150575
0.11477416150088121,-0.8792258384991136,-0.6194182173637854
0.16898029051182145,-0.9651371275298807,-0.6413111587405436
0.5514977457516947,-0.769741028564312,-0.3587500091115098
0.6286442966929786,-0.9126344379711336,-0.39836573670907716
0.968676226299888,-0.8091552561680637,-0.18369007019367706
1.1533829235173425,-0.8599078447306175,-0.12412094366300042
1.3269777404385825,-0.9030741313912864,-0.06663263392740332
1.7330725926442172,-0.6786409697288768,0.24059784581363455
1.9541241173822366,-0.5900740241730944,0.38707686793584617
1.8809360603710286,-0.7357771771961601,0.26901566497086915
1.8703788122989058,-0.7521109895598315,0.24668085192715822
1.7294443309750007,-0.8298016808875621,0.12821738071577007
1.9931374645964115,-0.43620799725166715,0.4474607510914619
1.7083315910356083,-0.5313072666663287,0.24787178513924316
1.5279774455102217,-0.4730225544897822,0.17697744551022124
1.2518523708037221,-0.4757353025719083,0.027489122597826134
0.9873165711921709,-0.44856716792536805,-0.10146017663133133
0.8127790597447138,-0.33079391947253156,-0.14028982256798772
0.49412570800211,-0.37421531636435923,-0.3319424968712042
0.38035934194201015,-0.24631293882662192,-0.3356430798557547
0.2929945530595983,-0.13973521756684132,-0.3369437799303501
0.15607269736713406,-0.14132052144632826,-0.4172281985088375
0.15498429108702097,-0.07253664286928774,-0.39451989570424084
0.1202357510391517,-0.10525002983467578,-0.4394836572488862
0.03271935269470973,-0.25629750969701465,-0.5700763986482996
0.40867278326339684,-0.002684911653389549,-0.26666672136400443
0.5699804250806049,-0.011749668505820779,-0.20196559363667788
0.8600618149238366,0.07398966575008109,-0.02550690138014164
1.0073223404958405,-0.0006776595041701859,-0.0006776595041639108
1.28271157774017,0.052783726914014485,0.1522802940441946
1.3923920956591755,-0.04187781075441835,0.14833811437645023
1.8407415815917232,0.23609927650850662,0.5000810862191204
1.915761542016194,0.18877840440796145,0.5025572933592266
1.8444253620287958,0.05391114290264276,0.3881447703168452
2.1400283089947623,0.351549242951065,0.6735324957860227
1.835038212991476,0.11643143180492316,0.39233910886744594
1.9737246427554174,0.3904544133818592,0.5876629757453685
1.8915590379228275,0.5022313186913845,0.5915614597205564
1.441296144519763,0.2936371688861415,0.2513643493930333
1.1665136316170976,0.29408661083436555,0.10358251392980805
1.04416766829944,0.4640514074169895,0.1169444161229492
0.755934042661868,0.46752171603739834,-0.03570270913228456
0.479652576872461,0.4646525768724732,-0.18534742312753294
0.20772164945435578,0.43136050715620644,-0.3478185446493171
0.23424471233948435,0.6475901741875543,-0.23607857415556538
0.1341713183137031,0.677417330176265,-0.2806017314270653
-0.010753448487891337,0.5957363533708411,-0.40305548811614494
-0.03730470517925499,0.5634085323879359,-0.4413843097790964
0.13750260255146135,0.665700744106837,-0.3114501480021247
0.293338878856048,0.6890524412291268,-0.23018637431337566
0.5048202389482398,0.7188721107780911,-0.11756938668578197
0.603332259318588,0.6006230275666387,-0.13516387350102277
1.1722679257373014,0.9340994082053474,0.30863422223091475
1.4413031382601886,0.9665818729242908,0.45231317166223795
1.600825806772646,0.9060645810886357,0.49507356163584293
1.7767798314056567,0.8948972494474247,0.5710712806580553
1.6628257828584514,0.6408257828584925,0.38101816172314207
1.944574204012509,0.840263771228054,0.6159343695688997
2.051858960994195,0.929827828896612,0.7090527345746782
2.0826682156534484,1.009804645234353,0.759517753682908
1.9041845590234272,0.9450329038831639,0.633346606860034
1.717053946099301,0.9293304952211277,0.5277772215677037
1.7008823747488366,1.1314551805349398,0.6169969359060465
1.0893681401547903,0.77097492134136,0.12764378286135492
0.9856289951512248,0.9345569073330241,0.15461457758757738
0.877799760822412,1.0926852791581487,0.1772225780202945
0.2904731124859591,0.7523039387110803,-0.28876072226901855
0.3922941145945573,1.0656131056743074,-0.08291005283354028
0.11018234955204058,0.9454115505176642,-0.2853641891195016
0.07616354895902852,1.0128900800364855,-0.26951339693876253
-0.007753316370658521,0.9632466836293415,-0.3367533163706584
-0.024266766737852954,0.9114597643396194,-0.37094371263563636
0.29597663470606533,1.129205835671662,-0.10156990396549032
0.15941085579343142,0.8297298468732259,-0.3187933116346445
0.5900546590551266,1.0478854852803,0.0068208243001749505
0.5999528971044237,0.8098384154402185,-0.105624285697665
1.0551465217738207,0.9980744339556804,0.21813210421020335
1.291102789719025,0.9657095709055434,0.3223784324255639
1.558536883268512,0.9811096890546718,0.4666514444257488
1.7908095014395375,0.9940860505614069,0.5925327769079611
2.05192937143492,1.0827777162946877,0.7710914192715421
2.010388755599478,0.9265251851803986,0.6762382936289452
2.0832982582576376,0.9492671261600555,0.728492031838121
1.9228532320678413,0.8055427992833719,0.5812133976242245
1.9359332393637005,0.8999332393636631,0.6401256182283495
1.7583492892170394,0.8614667072587665,0.5376407384694173
1.4490941432325986,0.7383329175486367,0.3273418980958195
1.2748293934947221,0.7831081281588775,0.2688394268967976
1.098982903632149,0.8428143861001369,0.2173492001257329
0.6432700060028262,0.6215607742507111,-0.11422612681686783
0.4386692228566137,0.632721094686415,-0.20372040277743353
0.3122148975700299,0.6869284599431483,-0.2323103555993745
0.21178866334357255,0.7179868048989304,-0.2591640872100261
0.036906104386029634,0.614619341953207,-0.390173500213819
0.22296427293477022,0.8054540747935048,-0.1933377666934828
0.026985835982818916,0.5452318478454097,-0.4127872137579392
0.26281979120304017,0.650165253051097,-0.2335034952920203
0.17719870189780046,0.3738375595996955,-0.4053414922058508
0.5374293988365726,0.49442939883663883,-0.15557060116339486
1.103973349544121,0.7865610229197113,0.28333659774999775
1.1915332375296663,0.5814169766472905,0.23430998535320824
1.1292778275016337,0.2258508067188521,0.03534670981431881
1.6809774529831203,0.5013184773495533,0.4590456578564174
1.801520915668732,0.3791931964374141,0.4685233374665228
1.8585052136614328,0.2412349842879067,0.4384435466513992
1.9770372981480526,0.22343051696148816,0.49933819402401597
1.9933547515076426,0.16887568546396203,0.4908589382989067
2.1085483307852044,0.2810341116590384,0.6152677390732466
1.7251260613741561,-0.039857076234103644,0.27392181271717453
1.7156190501764441,0.07197674509318785,0.33595855480382086
1.6379064332228745,0.16363652680933002,0.3538524519401733
1.4740358758024106,0.20310802497619948,0.3026045921064065
1.0446723941128655,-0.005327605887202776,-0.005327605887168575
0.9139305775168329,0.08485842834302221,-0.014638138787173627
0.4970107520905681,-0.12871934149589262,-0.31893526662673716
0.21778653833282674,-0.23857115658391917,-0.5025529662945551
0.23048738546434966,-0.10452947692740208,-0.4183083658786741
0.2019874034579201,-0.07049837741593581,-0.40473200483013694
0.16923197584226585,-0.10628895811404028,-0.4282722109489953
0.048349921575281236,-0.29804329723817913,-0.5739509743006942
0.24221414277705555,-0.24051562784940878,-0.43772419021290593
0.47839263618197814,-0.19927964458660924,-0.28860978561576506
0.5467732389598275,-0.3735677854064758,-0.33129496591340823
0.8208735876230923,-0.3756993915940932,-0.18519529468958001
0.9244734055044361,-0.5654103336131546,-0.21830334231909265
1.3902096990771697,-0.39237797429838805,0.11084645087130572
1.7128499036438039,-0.34415009635614596,0.3058499036438299
1.967223893988991,-0.329414963712902,0.449764088092647
1.934485898227509,-0.552859563620526,0.3308091847225771
1.9016122802109254,-0.716633731651649,0.24138532995168854
1.9878465974653394,-0.6946432043933961,0.30414863709359213
1.879254286002504,-0.7984589515646985,0.20633389060233695
2.0696496051873905,-0.5365485363679683,0.4406023557409857
1.6358083397131726,-0.8389052226599619,0.08033359288256914
1.50734583220635,-0.7867060396234704,0.04973545784038796
1.307080151643147,-0.7712106166048693,-0.035423715537224516
0.9274916760513556,-0.9163398064167594,-0.2908746204422943
0.8964476514554856,-0.7118310832086829,-0.19756238194659886
0.39619896294591617,-0.9930398113700425,-0.5820487919172647
0.355643163057882,-0.8474742549838534,-0.5236482861945023
0.2697043461741291,-0.7942956538258945,-0.5344880326905523
-0.05752069397843801,-1.0402102611939748,-0.8158808595348241
0.1869993931650596,-0.778969474737359,-0.5581943804154241
-0.009331784695725112,-1.0254682142766411,-0.7751813227251901
0.2999896678979447,-0.8308586769618074,-0.5191723799386712
0.264003048699288,-1.0392735004224816,-0.637720226769087
0.5575441049371422,-0.9650287008489947,-0.4505704562200842
0.6977220555284043,-1.0768847256580898,-0.4335535871781234
0.9925867507929208,-1.0503411613889144,-0.27039883164345047
1.2096547329592595,-1.1002307853765174,-0.1847680842386421
1.5300955507368503,-1.0277352754882059,0.013329385491860676
1.869027184091898,-0.9012918069878799,0.24723135151998163
1.8605308026010605,-1.0726983983645826,0.1580773412725931
1.9086732432679079,-1.1270532878095587,0.155350189165694
2.1355377028997493,-0.9354622971002504,0.36453770289974957
2.259828693520166,-0.7768978375573262,0.5055056394179394
1.9274243133291795,-1.007804887636455,0.22297085200071623
1.6051160927868762,-1.1682028982928894,-0.01967973978503401
1.5335256464530242,-1.0283051797721174,0.012759481207992168
1.387619863334242,-0.927265655001628,-0.011802953863706542
1.1683915686215274,-0.8805363435602934,-0.10059401381483607
0.8142286523432015,-0.9673781288433925,-0.3240469903633742
0.4737791595708518,-1.0567936462152736,-0.542335401586368
0.40197035014555915,-0.9103061989762823,-0.508752925322851
0.03389248429908881,-1.1069558605607155,-0.795269563537552
0.14097030555738088,-0.8861661240235289,-0.6358792324720814
-0.11081498009885651,-1.0887838480012793,-0.868008753679341
-0.012313027694998813,-1.0080025949105444,-0.7836731932513881
0.27690479253269196,-0.801095207467288,-0.5412875863319662
0.4812443378630084,-0.7368730801786711,-0.4130471113893441
0.6299305908418434,-0.7753081834741352,-0.36431716402134573
0.7697326786098271,-0.8555460560543635,-0.3412773547922667
1.128017456979128,-0.7338140254888961,-0.10834883951447458
1.356586340058201,-0.7407044281897184,-0.0049175271221227924
1.5723585605981314,-0.7416933112317006,0.09474818623216272
1.7211934971339353,-0.7745200652391375,0.14471875030336473
2.223024766664232,-0.4051733748911424,0.5719775172178216
1.9371018570921739,-0.7636113804750218,0.2411814616920157
2.101270614080865,-0.6052191877778674,0.39357265370911804
2.1761027250211704,-0.4671432868413964,0.49087577476193617
1.6059945672118823,-0.9073508946362094,-0.023682146293075634
1.5936071008260724,-0.7300317568758049,0.04914729492973516
1.61753760394097,-0.46746239605906026,0.18253760394095458
1.3262278407980286,-0.48535983257764437,0.017864592592113274
1.1897670019795998,-0.3301167371379831,0.016990254156077536
0.9533967822475283,-0.2741761969696498,-0.08367210006513748
0.5521369422771828,-0.4002040820892137,-0.3579312625960969
0.29524359196070704,-0.4154286888079449,-0.5047588298370698
0.11117597599004045,-0.4055537946364114,-0.602762356999916
0.08552571266696386,-0.29586750614650154,-0.5717751832090113
-0.019342828465428064,-0.3308637624217438,-0.6528470152566912
0.10509878739821948,-0.20438699347563483,-0.5386206208898295
0.2096754155421765,-0.16334144684953655,-0.477120335800825
0.21540265011796936,-0.27995504479879796,-0.5439368545094202
0.4949741092962238,-0.1707559842901627,-0.36097190942104135
0.7730461029393755,-0.09702604623444684,-0.19652261336463814
1.130201756808164,0.03820175680819713,0.0382017568081793
1.4151393306422995,0.10121147981617223,0.20070804694634026
1.5843903495623048,0.06612044314873605,0.2563363682795944
1.798862015691787,0.11021971060850927,0.37420152031915593
1.9213776203255055,0.11039448271722736,0.4241733716685175
1.9730453612650318,0.09853114213889512,0.43276476955308724
2.0589292980560487,0.18645023201235855,0.5084334848473109
2.01153571576194,0.20892893457538375,0.484836611637906
2.0337562312399333,0.3664860018664197,0.5636945642299047
1.8657631093929998,0.392435390161604,0.4817655311907544
1.6014619689982263,0.3698029933645659,0.3275301738714793
1.364951548194249,0.4085245274114744,0.21802043050694023
0.9919960877038214,0.32787982682133965,-0.019227164472687047
0.8659135756200023,0.4935012489956126,-0.009723176174112152
0.5863882266392325,0.48738822663921855,-0.16261177336077628
0.4833079672236502,0.6229468249254806,-0.15623222688003446
0.10456059635509388,0.43390605820315076,-0.44976269013996406
0.06796563532991808,0.5272116471924645,-0.43080741441085635
0.28975226276110183,0.8122420646198287,-0.1865497768671528
0.1333128867914448,0.6500261243586399,-0.35476671780839275
0.07309157388879117,0.5172897154441902,-0.4598611766647847
0.209274148239945,0.5209877106130549,-0.3982511049294646
0.6614643984593896,0.7915162702891795,-0.044925227174664226
1.0527758690292308,0.966066637277203,0.23027973620958228
1.1879667050895306,0.8657981875576092,0.24033300158316145
1.3029236429919786,0.7442023776561121,0.2299336763940448
1.7593568596887592,0.9805956340047771,0.5696046145519715
1.9509620539762564,0.9850794720179666,0.6612535032286275
1.8426235733484901,0.736623573348496,0.4768159522131621
1.9832189265893465,0.7949084938049044,0.5705790921457428
2.2241306456726244,1.0180995135750444,0.7973244192531084
2.103100574835743,0.9462370044166349,0.6959501128651971
1.9630150988563888,0.919863443716161,0.6081771466930141
1.811716630302993,0.9399931794247907,0.5384399057713819
1.8091834679046708,1.1557562736907434,0.6412980290618647
1.457110785110149,1.0547175662966843,0.4113864278166959
0.9993998115232293,0.8643277237051065,0.08438539395962029
0.9419926435854327,1.0728781619212446,0.15741546078335233
0.6956167235948985,1.0734475498199885,0.03238288883990491
0.5723889488699148,1.161707939949638,0.013184781441803989
0.40740782140101195,1.1586370223666165,-0.07213871727053972
0.018774978132765907,0.8715015092102423,-0.4109019677650154
0.17507300457546082,1.062073004575461,-0.23792699542453916
0.28307564673454866,1.1348021778120307,-0.1476012991632298
0.29575762178790577,1.0449868227535206,-0.18578891688364083
0.2731760517605323,0.8594950428403523,-0.2890281156675307
0.6529800807618104,1.0268109069869185,-0.014253753993174273
1.056325073179167,1.1822105915149992,0.2667478903770967
1.279441216091965,1.1383691282738635,0.35842679852836645
1.4015796793296367,0.9921864605161929,0.34885532203619374
1.6385020429532284,0.9770748487394184,0.4626166041104809
1.9711301912774304,1.0904067403992437,0.6888534667458267
1.984758197643122,0.9316065425029055,0.6199202454797527
2.2529747116807735,1.0851111412617067,0.834824249710246
2.131608848433657,0.9135777163360785,0.6928026220141414
2.0712326915629924,0.8699222587785466,0.6455928571193864
1.8991013608813214,0.7791013608813258,0.51929373974599
1.9791967448119023,0.9983141628535994,0.6744881940642663
1.5692549065749917,0.7744936808909936,0.36350266143819554
1.4798354990975306,0.9041142337616461,0.3898455324995873
1.1831708323998844,0.8430023148679442,0.21753712889350538
0.8259328606485288,0.720223628896492,-0.015563272171127546
0.7833438361426599,0.893395707972434,0.05695421050859753
0.43322918777453295,0.7239427501476304,-0.19529606539488342
0.22192210768051351,0.6441202492358477,-0.33303064287309553
0.1262543683508929,0.6199676059180848,-0.384825236248947
0.35908174832580564,0.8575715501845348,-0.1412202913024485
0.1650843309094818,0.5993303427720769,-0.35868871883127246
0.23468065409491018,0.5380261159429798,-0.34564263240014215
0.24415727379755123,0.3567961314993985,-0.4223829203061259
0.5756336813730918,0.4486336813730981,-0.20136631862690754
0.8945309792595211,0.4931186526351539,-0.010105772534582814
1.256319636874287,0.5622033759919421,0.21509638469784623
1.240753193246336,0.25332617246358413,0.06282207555903782
1.5589390174239801,0.29528004179034023,0.25300722229724254
1.801126855566202,0.294799136334837,0.3841292773639672
1.8999012867231682,0.1986310573496678,0.3958396197131454
2.0407905010765646,0.2031837198900167,0.479091396952534
2.0572295420287237,0.14875047598504965,0.4707337288199886
2.096397850261627,0.18488363113548809,0.5191172585496806
1.9301680242035888,0.08118488659530339,0.39496377554659623
1.8446712342962628,0.11702892921297323,0.38101073892362486
1.6236613191740372,0.06539141276045352,0.2556073378913184
1.395031789906012,0.040103939079772416,0.13960050620999154
1.1761394767113964,0.042139476711411994,0.04213947671140209
0.8270232044433861,-0.08604894473045338,-0.1855455118606371
0.6621676676716656,-0.04756242591483427,-0.23777835104565717
0.46801723990379124,-0.07234045501298775,-0.336322264723605
0.0890682579163039,-0.3299486044754165,-0.6437274934267022
0.19438654083473506,-0.16209924003910792,-0.4963328674533135
0.22577103832950668,-0.13374989562680623,-0.4557331484617559
0.204370791986955,-0.22602242682650214,-0.5019301038890168
0.38202362677799667,-0.18470614384844203,-0.3819147062119541
0.42570462472574727,-0.3359676560428873,-0.42529779707202164
0.7329102585877836,-0.2714307657785924,-0.2291579462854867
0.8645090567336333,-0.4160639224835223,-0.22555982557902207
1.012256924985753,-0.5616268141318068,-0.21451982283775853
1.4275124566686421,-0.43907521670688604,0.06414920846279465
1.7375540793257223,-0.40344592067428764,0.24655407932571627
1.7005041646121668,-0.6801346930896933,0.09904435871583755
1.8837676376679524,-0.6875778241800579,0.19609092416303103
2.050475366517921,-0.6517706453446385,0.3062484162586896
1.9764523089659778,-0.7900374928927516,0.20875434859423211
2.274618969599112,-0.48709426796807587,0.5176985741989539
1.9255443958329281,-0.7646537457224547,0.21249714638651257
1.980965137070544,-0.577748425302612,0.3414903902399282
1.5860921600185887,-0.7919597118112591,0.04448178565261139
1.267251601248019,-0.8950391669999183,-0.15925226593231423
1.0834837925071406,-0.8443476899608933,-0.21888250398647005
0.9858082056402178,-0.7064705290239908,-0.19220182776188538
0.5637045898733862,-0.9095341844426087,-0.4985431649898117
0.46453430695941167,-0.8225831110823537,-0.4987571422929865
0.2722054558434825,-0.8757945441565063,-0.6159869230211805
0.06835554268480476,-0.9983340245307448,-0.7740046228715869
0.06270008667532366,-0.9872687812270917,-0.7664936869051594
0.20935616542573515,-0.8907802641551681,-0.6404933726037243
0.2200089344813502,-0.9948394103783859,-0.6831531133552569
0.5303109472986145,-0.8569656018232114,-0.45541232816978816
0.7322799787121042,-0.8742928270740027,-0.3598345824451067
0.9131512713328512,-0.9454555098536086,-0.3021243713736587
1.1936832541218523,-0.933244658059947,-0.15330232831450058
1.3881180917219198,-1.0057674266139298,-0.0903047254760186
1.7728389601765144,-0.8689918660486069,0.1720727949314918
1.7275088574003248,-1.126810133679426,0.021713024828421884
1.9186941735928662,-1.0985350273727577,0.1322407122644082
2.158177267729519,-0.9615492633479384,0.32085421362730965
2.1637841040423753,-0.991215895957625,0.30878410404237494
2.1730603289555703,-0.9476662021219023,0.3347372748533536
2.0114222264734787,-1.0078069744921747,0.22296876514500613
1.851437897836639,-1.005881093243154,0.14264206526471532
1.639229131544392,-1.006601694680783,0.034462966299343714
1.528329954406429,-0.8705555639293683,0.04490713720851747
1.2239658301071106,-0.9089620820747455,-0.12901975232927076
0.8971978300863672,-0.968408951100261,-0.3250778126202262
0.5571183658357324,-1.0574544399504235,-0.5429961953215033
0.2239623517116347,-1.17231419741015,-0.7707609237567478
0.152309749401821,-1.0725385954579476,-0.7608522984348011
0.24470581536171965,-0.8664306142192028,-0.6161437226677482
0.15932106511348626,-0.9026478027889335,-0.6818727084669977
0.2926283595780584,-0.7870612076374743,-0.5627318059783253
0.16452902309638265,-0.997470976903632,-0.7376633557682938
0.5091475155763923,-0.7929699024653378,-0.46914393367598667
0.6030402488179282,-0.8861985254980145,-0.47520750604524425
0.8203335364866722,-0.8889451981774783,-0.37467649691540267
1.142680004891255,-0.8031514775767361,-0.1776862916023296
1.3684359985906194,-0.812854769657379,-0.07706786858974268
1.6024784219123707,-0.7955734499174343,0.040868047546416875
1.821697599895284,-0.7580159624777575,0.16122285306472775
1.9076474306357394,-0.8045507109196114,0.17260018118933917
2.107425279459444,-0.6772879581077366,0.32750488405929185
2.077247919322213,-0.7132418825365244,0.28554995895046564
2.1668212821017407,-0.5604247297608411,0.3975943318425009
2.1040140152614892,-0.49333144658662725,0.3903373017565207
1.6752414978776127,-0.7323973598242972,0.04678169198126103
1.69831505114559,-0.4706849488543802,0.1793150511456066
1.3634192324548666,-0.5321684409207262,-0.028944015751010396
1.028719520699966,-0.5751642184176479,-0.22805722712357357
0.804032785819681,-0.507540193397527,-0.3170360964930017
0.7592297563644571,-0.2771112680019785,-0.23483844850884011
0.5087061840001531,-0.2859660967684515,-0.3752962377975979
0.26953785978229416,-0.33119191084419675,-0.5284004732076756
0.16395582211997287,-0.3014373966934957,-0.5773450737560059
0.21193288294673274,-0.1835880510095764,-0.5055713038445291
0.07507748142482978,-0.3184082994490082,-0.6526419268632133
0.17209074464117216,-0.2849261177505722,-0.598705006701847
0.4316019295357053,-0.14775576538102897,-0.4117375750916698
0.5172974395491073,-0.23243265403725427,-0.42264857916814325
0.9811260576748122,0.02705390850101836,-0.07244265862918506
1.1542959895428455,-0.021704010457204867,-0.0217040104571786
1.3612114774448678,-0.03671637338132654,0.06278019374887288
1.8248105204377214,0.22254061402419162,0.4127565391550283
1.9271640301732118,0.15452172509003348,0.4185035348006327
2.0771735540161127,0.18219041640786007,0.49596930535913536
2.0853851523109834,0.12687093318481954,0.4611045605990273
2.0094139002161215,0.05293483417242362,0.37491808700738166
2.0984602669882553,0.21185348580168264,0.48776116286421545
1.987390815635054,0.2361205862615149,0.4333291486250148
2.1126386993374537,0.5553109801060381,0.6446411211351964
1.7213940767560894,0.40573510112250133,0.36346228162937655
1.6166470542524367,0.5762200334696325,0.3857159365651113
1.4099866456495418,0.6618703847670162,0.3147633934730134
1.0719636616465986,0.6155513350221664,0.1123269098524649
0.6282566395074659,0.4452566395074009,-0.20474336049256275
0.14714942776680284,0.20278828546868088,-0.5763907663368562
0.34972379932947917,0.5950692611775232,-0.28859948716558687
0.27843873949327624,0.6536847513558185,-0.304334310247502
0.3604336234480019,0.7989234253067341,-0.19986841618025167
0.2611905082709266,0.6939037458381071,-0.3108890963289199
0.21388701033118973,0.5740851518865453,-0.40306574022240615
0.5159033353242843,0.7436168976974153,-0.1756219178451132
0.4778781774903732,0.5239300493201904,-0.3125114481436656
1.0718578769800373,0.9011486452280499,0.16536174416040764
1.1689835113216331,0.7628149937896397,0.13734980781522688
1.5703936458601406,0.9276723805243058,0.413403679262224
1.7217454172727533,0.8589841915888073,0.44799317213598255
1.8158821565860899,0.7659995746278299,0.4421736058384747
2.002826538485095,0.8128265384851159,0.5530189173497756
1.9699506460157283,0.6976402132312626,0.47331081157211363
2.2269674352817557,0.9369363031841725,0.7161612088622391
2.2566392969273266,1.0157757265082115,0.7654888349567762
2.085240767945633,0.9580891128053896,0.64640281578225
1.9856259075920595,1.0299024567139132,0.6283491830604755
1.6714543888506939,0.9340271946368303,0.41956895000792027
1.3646341809934295,0.878240962179927,0.234909823699958
1.2235847314643116,1.0045126436460332,0.2245703139006263
1.0315630951267476,1.078448613462522,0.16298591232464885
0.5991648826589728,0.8929957088841277,-0.14806895209598792
0.41303925968624816,0.9183582507660262,-0.23016490774183546
0.5840057537838715,1.251234954749458,0.020459215112310747
0.35539599422446333,1.1241225253019302,-0.15828095167332284
0.14598728181403958,0.9489872818140395,-0.35101271818596047
0.22344097961972084,0.9911675106971832,-0.2912359662780676
0.3066019349333684,0.9718311358990026,-0.2589446037381686
0.42145755380778244,0.923776544887628,-0.2247466136202676
0.7354666304449483,1.0252974566700876,-0.015767204310020412
1.0252480038443093,1.0671335221801788,0.15167082104225713
1.2477489335973284,1.0226768457791486,0.2427345160336912
1.5321164160018275,1.0387231971884177,0.39539205870840205
1.7928343106020814,1.0474071163883056,0.5329488717593504
1.900489805007208,0.9357663541290502,0.5342130804756181
2.167748387856659,1.030596732716407,0.718910435693271
2.189594884049285,0.937731313630196,0.6874444220787475
2.0507629080401033,0.7487317759425216,0.527956681620587
2.3958599646722365,1.1105495318877776,0.886220130228625
2.2086851053276404,1.0046851053276227,0.744877484192299
1.9618406326077376,0.8969580506494926,0.5731320818601293
1.7181863517279208,0.8394251260439025,0.42843410659111086
1.3650870606524113,0.7053657953164949,0.1910970940544507
1.1932570608342967,0.7690885433023242,0.14362335732790027
0.7519332912561221,0.5622240595040449,-0.17356284156355326
0.6483175700548197,0.6743694418846552,-0.16207205557921062
0.5899779515609357,0.7966915139340021,-0.12254730160849482
0.17869762768337977,0.5168957692387008,-0.46025512287023734
0.025093225400555697,0.4348064629677434,-0.569986379199288
0.15867003674892266,0.5731598386076575,-0.42563200287933045
0.2700850427405875,0.6203310546031685,-0.3376880070001756
0.333298236704063,0.5526436985521457,-0.3310250497909811
0.4284496229005764,0.4570884806025365,-0.32209057120304607
0.7442687876379398,0.5332687876379724,-0.11673121236204467
1.0112411099194447,0.5258287832949977,0.02260435812530273
0.8899492161662037,0.11183295528378895,-0.23527403601027402
1.4890426225888036,0.41761560180609425,0.22711150490152462
1.892319161015013,0.5446601853814121,0.5023873658882929
1.6821543923938038,0.09182667316245868,0.18115681419158086
2.1280640985329917,0.3427938691594469,0.5400024315229488
2.12031720899819,0.19871042781164472,0.47461810487416256
2.0448554017903735,0.05237633574669334,0.37435958858163765
2.2139972548441946,0.21848303571803934,0.5527166631322421
2.1043639681233337,0.17138083051505096,0.48515971946633607
2.0500000528779103,0.23835774779468225,0.502339557505301
1.692593123516598,0.05032321710298912,0.24053914223386422
1.483016447055817,0.04408859622953441,0.143585163359777
1.2172245085570836,-0.0007754914429447537,-0.0007754914429305462
1.0775291308616746,0.08045698168790233,-0.01903958544231281
0.619254529081715,-0.17447556450471147,-0.3646914896355733
0.635230533019228,0.01087283810243013,-0.25310897160817986
0.16099269293403637,-0.3420241694576953,-0.6558030584089775
0.13272526023195252,-0.30776052064189274,-0.6419941480560992
0.11564507205393497,-0.32787586190237084,-0.6498591147373263
0.2625972759357848,-0.25179594287766943,-0.5277036199401837
0.2827532539764728,-0.3679765166499538,-0.5651850790134699
0.5450746254060818,-0.30059765536253286,-0.38992779639167513
0.5984700406235995,-0.48987098374273746,-0.4475981642496533
0.854050272700414,-0.5105227065168086,-0.3200186096122769
0.917744516528952,-0.7401392225885637,-0.3930322312945393
1.6357454549938617,-0.31484221838163623,0.18838220678803128
1.8621024570556644,-0.3628975429443192,0.2871024570556733
2.0229970643482593,-0.4416417933536608,0.3375372584519017
2.1449238520920875,-0.5104216097559665,0.373247138587146
2.0648974865270002,-0.7213485253355548,0.23667053626777274
2.3320168565452613,-0.518472945313474,0.480318896173514
2.1017680745084455,-0.7439451630587461,0.260847679108284
2.1814482571195564,-0.5927498844357825,0.38440100767316154
2.0340054104697955,-0.6087081519033107,0.3105306636392063
1.836311424580735,-0.6257404472491499,0.21070105021474056
1.551671252077036,-0.6946195161709418,0.04116738489668381
1.2747955802803799,-0.7370359021876954,-0.11157071621325015
1.0206020079249318,-0.7556767267391985,-0.24140802547713355
0.8261942348663184,-0.7310445394497046,-0.32005351999689485
0.4080229306702289,-0.963094487371559,-0.6392685185821817
0.23674985505402507,-0.9952501449459785,-0.7354425238106463
0.22545396227400716,-0.925235604941519,-0.7009062032823736
0.1278934740442187,-1.0060753938581997,-0.7853002995362651
0.21187682669509017,-0.9722596028858062,-0.7219727113343649
0.43272391086520273,-0.8661244339945118,-0.5544381369713943
0.4980244572406455,-0.9732520918811515,-0.5716988182277434
0.6572363734638045,-1.0333364323223664,-0.5188781876934391
1.0121911652678226,-0.9304156159187094,-0.287084477438724
1.2283893908080348,-0.9825385213737287,-0.20259619162829953
1.48160232876138,-0.9962831895744347,-0.08082048843654048
1.6802928201501044,-1.045538006074986,-0.004473345094902485
1.9551107927966707,-0.9832081982831348,0.16531496022474068
2.0692527571826242,-1.0319764437829817,0.19879929585417533
2.1264599602294774,-1.0772665708479696,0.2051369061272735
2.252661486457872,-0.986338513542128,0.313661486457872
2.0765591870760174,-1.1281673440014646,0.154236132973796
2.172645678057379,-0.9305835229082359,0.3001922167289255
2.0413281346876477,-0.8999908563921704,0.24853230211571137
1.591212763897188,-1.1386180623280184,-0.09755340134787649
1.6365069747149876,-0.8463785436208444,0.06908415751705821
1.274369273786024,-0.9425586383957574,-0.16261630865031956
0.9973967169290966,-0.9522100642574596,-0.3088789257774601
0.5934466083519923,-1.105126197434198,-0.5906679528052601
0.5653262037090123,-0.9149503454128014,-0.5133970717593839
0.32024219152980693,-0.9886061533299777,-0.6769198563068239
0.48124626135548376,-0.7138901682254161,-0.4636032766739735
0.27229351069141067,-0.8736753572110124,-0.652900262889074
0.07118088621552421,-1.0925086810000022,-0.8681792793408554
0.5326523605195785,-0.7133476394804211,-0.4535400183450894
0.47295751758321836,-0.9131599004584892,-0.589333931669148
0.6755723264494446,-0.8976664478665684,-0.48667542841376177
1.0826554307924423,-0.7106233038716683,-0.1963546026096139
1.3604388071340936,-0.669392675333856,-0.04392748935947165
1.3132165582581141,-0.9520742099898434,-0.21628730892222858
1.8257490303630295,-0.6563028414668369,0.1801386559970436
2.2029306389747907,-0.4607829233983104,0.45845589214420607
2.163674868430554,-0.6325232731247831,0.34462761898416255
2.2836324590036763,-0.5850807785634898,0.41971206360352975
2.149461245230419,-0.7250285566283134,0.2737632848586724
2.137364133780373,-0.6738818780821845,0.2841371835211434
1.9437757019109987,-0.7375697599370735,0.1460989884060508
1.8369858067739542,-0.654653050927976,0.12452600087759086
1.745014147396747,-0.5079858526032494,0.14201414739674875
1.4552054421346354,-0.524382231241,-0.02115780607126099
1.3142425960627762,-0.37364114305476787,-0.02653415176072646
0.9460364211476494,-0.449536558069601,-0.25903246116505235
0.6447014596298621,-0.4756395647365993,-0.43336674524344987
0.6643822400212394,-0.21429004074738522,-0.30362018177652356
0.5105589937636478,-0.1741707768628552,-0.37137933922633004
0.2843169889690893,-0.2650762298443664,-0.5409839069068808
0.27014462391469557,-0.20937631004162077,-0.5313595628765677
0.2791609869645505,-0.19832479390928526,-0.5325584213234893
0.22950917640118995,-0.31150768599054307,-0.6252865749418214
0.5697007672767667,-0.09365692764002885,-0.35763873735063684
0.8110414694392638,-0.022688624147157346,-0.21290454927801866
1.1298646917702155,0.09179254259646444,-0.007704024533762427
1.2137416926056077,-0.046258307394398686,-0.04625830739439653
1.521644640254172,0.03971678942800646,0.13921335655819375
1.7987689234650053,0.11249901705140182,0.3027149421822775
2.0295006166669523,0.17285831158371248,0.4368401212943446
2.0203391602427896,0.0413560226345623,0.3551349115858229
2.2073194641242937,0.16480524499814667,0.49903887241234424
2.3872550697851636,0.34677600374147266,0.6687592565764253
2.1757684560524417,0.20516167486589565,0.48106935192841316
2.1496767286621,0.31440649928854875,0.5116150616520527
2.1371393745160567,0.49581165528460797,0.585141796313785
1.7244057353536426,0.3247467597200158,0.2824739402269126
1.4818263109894074,0.3573992902066703,0.16689519330211752
1.310455649793592,0.478339388911149,0.1312323976171031
0.8497962637634657,0.3093839371390037,-0.1938404880306847
0.6529056721217634,0.3859056721216722,-0.26409432787828013
0.5906169814997887,0.5622558392016461,-0.21692321260388248
0.22261309173263014,0.3839585535807063,-0.49971019476241807
0.4810852227141673,0.7723312345767235,-0.18568782702660208
0.3837026208307913,0.7381924226895177,-0.2605994187974635
0.16479845072639368,0.5135116882935781,-0.4912811538734492
0.3036440261301596,0.5798421676855388,-0.397308724423426
0.691248697423583,0.8349622597966649,-0.08427655574584048
0.7266508781318377,0.6887027499616916,-0.14773874750218413
1.1435377783674687,0.8888285466155125,0.15304164554785604
1.174333578755927,0.6841650612239663,0.0586998752495384
1.6226096322353827,0.8958883668995796,0.3816196656374834
1.8260630381192682,0.8793018124352519,0.4683107929824635
1.8917549835042062,0.7578724015459761,0.434046432756605
2.075642410375286,0.8016424103753291,0.5418347892399767
2.2180032526189084,0.8616928198344558,0.6373634181752994
2.3136515796710215,0.9396204475734409,0.718845353251505
2.2407732266069535,0.9159096561878554,0.6656227646364127
2.091339838620079,0.8801881834798144,0.5685018864566863
2.082733301032097,1.0430098501539222,0.6414565765004997
1.6367338822098068,0.815306687995913,0.30084844336701755
1.4437890180786839,0.8733957992652572,0.23006466078524979
1.2364216806567905,0.9333495928385899,0.1534072630931436
1.0294846473539458,0.9923701656896857,0.07690746455182954
0.7319466292518089,0.9417774554769325,-0.09928720550316797
0.41303808010729115,0.8343570711870419,-0.31416608732080586
0.3457495176302047,0.9289787185958286,-0.3017970210413372
0.12536184866443906,0.8100883797418963,-0.4723150972333518
0.2186746879471923,0.9376746879471924,-0.3623253120528076
0.3496444307670323,1.033370961844504,-0.24903251513075148
0.39309771498503177,0.9743269159506271,-0.2564488236865245
0.5585974240812017,0.9769164151609941,-0.171606743346875
0.7377061532792775,0.9435369795044501,-0.09752768147567484
1.365548766693814,1.323434285029721,0.4079715838917802
1.2587991293783836,0.9497270415602428,0.16978471181476534
1.5106947794352226,0.933301560621741,0.2899704221417607
1.91456964812914,1.0851424539152963,0.5706842092863756
1.85708379734089,0.808360346462756,0.4068070728093126
2.3767504003295876,1.155598745189352,0.8439124481662086
2.284117080424981,0.9482535100059046,0.6979666184544489
2.2882085733132116,0.9021774412156329,0.6814023468936957
2.118376386920564,0.7490659541360987,0.5247365524769481
2.1605396852326275,0.8725396852325878,0.6127320640972763
2.0473250037763386,0.8984424218180638,0.5746164530287166
1.937111215925191,0.9743499902411369,0.5633589707883645
1.4442704933700397,0.7005492280341932,0.18628052677211526
1.2607564810446714,0.7525879635126572,0.12712277753825532
0.7369466980941088,0.46323746634200064,-0.27254943472558335
0.7952079430311327,0.7372598148609413,-0.09918168260291255
0.5837988324520441,0.7065123948251696,-0.21272642071735848
0.510965632342198,0.7651637738975521,-0.21198711821140104
0.2577314981018112,0.5834447356689841,-0.4213481064980382
0.3251699589326834,0.655659760791413,-0.34313208069557055
0.38425741474438163,0.6505034266069668,-0.30751563499637774
0.5502563493247354,0.685601811172786,-0.19806693717032658
0.5931814991896175,0.5378203568915298,-0.2413586949140307
0.8369773961112383,0.5419773961113097,-0.10802260388872861
1.0614156506535606,0.4920033240291559,-0.011221101140562198
1.1142862503295345,0.25216998944715086,-0.09493700184692579
1.4272299989755899,0.2718029781928003,0.08129888128827265
1.6917121914946902,0.2600532158611155,0.21778039636798516
1.929051102586398,0.25472338335508576,0.34405352438418924
2.2106474088009413,0.3413771794274215,0.5385857417909085
2.198924031491919,0.19331725030536162,0.4692249273678837
2.2415097173015877,0.16503065125791455,0.4870139040928531
2.3246381418632573,0.24512392273708572,0.5793575501512986
2.29106242205261,0.27407928444430163,0.5878581733956015
2.0901338312952973,0.19449152621203591,0.45847333592267336
1.8132207133691198,0.08695080695557073,0.27716673208641823
1.7315258328569576,0.20859798203075605,0.30809454916095586
1.355221985367256,0.05322198536719769,0.05322198536722464
1.1088945753589223,0.02782242618512134,-0.07167414094508169
0.8204938789886503,-0.05723621459781494,-0.2474521397286552
0.6607212422767434,-0.04763645264000747,-0.311618262350639
0.4420259300743288,-0.14499093231741433,-0.458769821268693
0.30681570313376016,-0.21767007774010158,-0.5519037051542979
0.16747284659524977,-0.3600480873610626,-0.6820313401960126
0.30363031481308467,-0.2947629040003824,-0.5706705810628924
0.6189882059224899,-0.11574156470398142,-0.31295012706747327
0.5240149086084336,-0.4056573721601478,-0.4949875131893088
0.7736906246957509,-0.39865039967056004,-0.35637758017748694
1.0644825907822884,-0.3840903884349048,-0.193586291530386
1.2933934082560317,-0.4484903308615668,-0.10138333956749937
1.7054141709708617,-0.3291735024047161,0.17405092276499318
1.6788254254790604,-0.6301745745208721,0.019825425479089304
1.9237006410088728,-0.6249382166929222,0.15424083511257247
2.1012386833054024,-0.638106778542627,0.2455619698004714
2.239979467832898,-0.6302665440296703,0.32775251757366236
2.2478085462019806,-0.6866812556567594,0.3121105858302327
2.2111404973722224,-0.7185727401949654,0.2862201019720676
2.246470216434066,-0.6117279251213428,0.36542296698763455
2.1102181773297892,-0.6164953850433383,0.30274343049918756
1.7964372128611756,-0.749614658968638,0.08682683849521536
1.5961683867893268,-0.7341223814586822,0.0016645196089574953
1.5145393105288656,-0.5812921719391375,0.04417301403527285
0.9863817258525173,-0.8738970088117545,-0.35962830754962005
0.8254656010256186,-0.8157731732904323,-0.40478215383760974
0.5644025043128617,-0.8907149137288759,-0.5668889449395227
0.3077842262951601,-1.0082157737048656,-0.7484081525695214
0.18052374999353463,-1.0541658172220045,-0.8298364155628518
0.3966738853403452,-0.8212949825620761,-0.600519888240139
0.3281134632464624,-0.9400229663344215,-0.6897360747829875
0.4204320972640295,-0.9624162475957259,-0.6507299505725872
0.49491009148745924,-1.0603664576343137,-0.6588131839809169
0.7980836980076409,-0.9764891077784997,-0.46203086314958686
1.1910299168752576,-0.8355768643113535,-0.19224572583132699
1.3595727963477144,-0.9353551158340073,-0.15541278608860062
1.6857905816831558,-0.8760949366526188,0.0393677644852542
1.8094029833826901,-1.0004278428423667,0.040636818137699746
1.8970360601085223,-1.125282930971256,0.02324022753660568
2.187593794846976,-0.9976354061186675,0.23314033351850813
2.035422766953669,-1.252303764123799,0.03009971285145452
2.3673307245265596,-0.9556692754734404,0.34433072452655955
2.123540653009038,-1.1651858780684536,0.11721759890681183
2.2177778009041056,-0.9694514000615281,0.26132433957564305
2.0748153829751663,-0.9505036081045987,0.19801955040325672
1.7422015922796947,-1.071629233945444,-0.03056457296533603
1.7652824084820693,-0.8016031098538002,0.11385959128412157
1.3260851342352291,-0.974842777946705,-0.19490044820119043
1.0524089655477442,-0.9811978156388462,-0.33786667715883023
0.832522985304406,-0.9500498204817158,-0.43559157585281266
0.5581820559674157,-1.0060944931544225,-0.6045412195009934
0.5367670499224726,-0.8560812949372715,-0.5443949979141388
0.283242371978177,-0.9958940576027648,-0.7456071660513004
0.41817594424189997,-0.81179292366052,-0.591017829338584
0.5609904246447216,-0.6866991425708215,-0.46236974091166727
0.5116317907408751,-0.8183682092591028,-0.558560588123783
0.6674716783446684,-0.8026457396970821,-0.4788197709077229
0.7533268833841211,-0.9039118909317652,-0.49292087147902064
0.9868718199076779,-0.8904069147564094,-0.3761382134943628
1.4307368487883407,-0.6830946336796904,-0.0576294477052639
1.6341014205057918,-0.7151893477421346,0.020597553325466048
1.8150055795803126,-0.7510462922495263,0.08539520521434193
1.966679885702389,-0.7810336766707613,0.1382051388717782
2.1738419522904624,-0.7063561892648623,0.2707947028440783
2.2708786031897494,-0.6818346343774419,0.32295820778959217
2.425372035428797,-0.5331177664299409,0.46567407505704944
2.230993854475802,-0.664252157386771,0.29376690421656637
2.324725915473914,-0.4406195463741148,0.44304920196898584
2.161951436418231,-0.4136874212837316,0.3654916305218534
1.8259132916309553,-0.5110867083690799,0.13891329163093946
1.7349812226605033,-0.32860645071516204,0.17461797445459004
1.3000402591050135,-0.4718434800125617,-0.1247364887185066
1.2459555051519047,-0.23361747406526595,-0.04311337716075925
0.9006711887606118,-0.30366983560577704,-0.26139701611266586
0.694599236265505,-0.2680730445031665,-0.35740318553227535
0.6004897995548353,-0.1682399710716799,-0.3654485334351506
0.26842226104517847,-0.36497095776828037,-0.6408786348307953
0.397775925867876,-0.16574500808843348,-0.48772826092338584
0.4086938607126033,-0.1527919201612316,-0.48702554757544225
0.3593287652985311,-0.26568809709319074,-0.5794669860444724
0.6521875337470695,-0.09517016116962675,-0.3591519708802822
0.7421626651460292,-0.17556742844036677,-0.36578335357123837
1.020222747323087,-0.10184940185074517,-0.20134596898092927
1.4440482960634937,0.10004829606351735,0.10004829606350676
1.743082211286048,0.17715436045981545,0.2766509275900342
1.6860353413976639,-0.08423456501581619,0.10598136011499998
1.9080006376497562,-0.03264166743345023,0.2313401422771632
2.374664337070169,0.31168119946189676,0.6254600884131823
2.218995043072791,0.09248082394664592,0.4267144513608445
2.31822328309725,0.19374421705356568,0.515727469888513
2.2511336039132805,0.19652682272668834,0.472434499789231
2.2344894771406016,0.31521924776702476,0.5124278101305436
1.9896057220382912,0.2642780028069026,0.35360814383604755
1.751045078760778,0.2673861031271253,0.22511328363403313
1.5503387190451206,0.34191169826235374,0.15140760135781395
1.176233579422107,0.2601173185397465,-0.08698967275434255
1.1782045684386244,0.5537922418141072,0.05056781664445208
0.8949219273655856,0.5439219273655543,-0.10607807263442603
0.6183962750218606,0.5060351327236976,-0.2731439190818224
0.39517400984453616,0.4725194716925994,-0.41114927665052026
0.3653345593314133,0.5725805711940061,-0.3854384904093429
0.4223294281766552,0.6928192300353759,-0.3059726114516006
0.22909159511413063,0.4938048326813192,-0.5109880094857084
0.5895277177487631,0.7817258593041555,-0.19542503280481435
0.7458314058995514,0.8055449682726543,-0.11369384726985998
0.847189303793131,0.7252411756229138,-0.11120032184092479
1.0214820721819087,0.6827728404298831,-0.053014060637740015
1.1582190691132863,0.5840505515813582,-0.041414634393084654
1.5195881138297325,0.7088668484939694,0.19459814723185187
1.9790520095436805,0.9482907838597006,0.5372997644068929
2.0883845029817385,0.8705019210234513,0.5466759522341101
2.263126223417436,0.9051262234174442,0.6453186022821081
2.4536815489343873,1.0133711161499406,0.7890417144907822
2.3569608217286215,0.8989296896310379,0.6781545953091046
2.283124099193606,0.8742605287745016,0.6239736372230615
2.1854271374711187,0.8902754823308944,0.5785891853077452
2.1555478554166103,1.031824404538411,0.630271130885
1.8843347614655672,0.9789075672517419,0.4644493226228117
1.6268870432356628,0.9724938244220848,0.3291626859421547
1.418556427968689,1.0314843401504497,0.25154201040502333
1.198427462081343,1.0773129804171555,0.16185027927926343
0.9398201801186439,1.0656510063437366,0.02458634536365137
0.6234197916149765,0.9607387826947839,-0.18778437581309287
0.48839769726531745,0.9876268982308655,-0.24314884140626225
0.5474439720893469,1.1481705031667941,-0.13423297380844887
0.2088162824954588,0.8438162824954588,-0.4561837175045412
0.43884863341011715,1.038575164487599,-0.24382831248766154
0.5948622279576045,1.092091428923219,-0.13868431071394244
0.5607715199910706,0.8950905110708081,-0.2534326474370334
0.9277969437727933,1.0496277699979994,0.00856310901785736
1.0822675743485854,0.9561530926844173,0.04069039154651449
1.3848333784080098,0.9917612905899047,0.21181896084440988
1.462539183247563,0.8011459644341153,0.15781482595411855
1.9985644554866724,1.0851372612727603,0.5706790166438744
1.9616280973040618,0.8289046464259568,0.42735137277249835
2.300296752976252,0.9951450978360373,0.6834588008128827
2.4708660089614147,1.0510024385423455,0.8007155469908872
2.2944572599969484,0.824426127899367,0.6036510335774321
2.3592729318987273,0.9059624991142787,0.6816330974551208
2.12574746468961,0.7537474646896051,0.4939398435542771
2.1549950517905625,0.9221124698322729,0.5982865010429298
1.9038228582749488,0.8570616325908662,0.44607061313810664
1.6501774649284555,0.8224561995925775,0.30818749833051406
1.3186200737120808,0.7264515561801476,0.1009863702057038
1.17723663431651,0.8195274025644618,0.08374050149685189
0.8521902783231443,0.7102421501529255,-0.12619934731091603
0.6400280755751309,0.6787416379481549,-0.24049717759432393
0.3696216804850818,0.5398198220404227,-0.43733107006852556
0.4236808242417039,0.6653940618089021,-0.3393987803581346
0.24120068401126318,0.4876904858699984,-0.5111013556169898
0.39873910902386434,0.5809851208864243,-0.3770339407169059
0.42592947187688224,0.4772749337250143,-0.4063938146181409
0.5335279189879389,0.39416677668987177,-0.38501227511569736
0.8597629623915404,0.4807629623915396,-0.1692370376084609
1.1926113369370515,0.5391990103126768,0.03597458514294559
1.4462555425638552,0.500139281681389,0.15303229038735547
1.6835670270221592,0.4441400062395221,0.25363590933491614
1.7187135239278508,0.20305454829431516,0.16078172880116323
2.057765980896069,0.2994382616646967,0.38876840269383245
2.1617995194510304,0.20852929007752313,0.4057378524410061
2.360943724458412,0.27133694327185753,0.5472446203343801
2.3329723902170088,0.17249332417331514,0.4944765770082702
2.323311870882091,0.15979765175593022,0.49403127917013107
2.3438908125636324,0.2429076749553699,0.5566865639066448
2.1106180411089945,0.13097573602571405,0.3949575457363588
1.8925464218918,0.0822765154782257,0.27249244060908345
1.8398689130247572,0.23294106219862287,0.3324376293287913
1.2662240279512142,-0.11977597204887401,-0.11977597204883432
1.1011116160548513,-0.06396053311897851,-0.16345710024916943
0.8821033478718776,-0.07962674571461274,-0.2698426708454428
0.7145164497592167,-0.07784124515755303,-0.3418230548681772
0.7132782058546512,0.042261343462939444,-0.27151754548835294
0.4054034667219155,-0.20308231415193326,-0.537315941566134
0.30517218704540605,-0.30634874691089925,-0.628331999745855
0.515152936914507,-0.1672402818989137,-0.4431479589614489
0.5301234481259605,-0.28860632250048535,-0.48581488486399205
0.6524399105498757,-0.36123237021876636,-0.45056251124789515
0.7687673729264569,-0.4875736514399266,-0.4453008319468153
1.2107862323587786,-0.3217867468583585,-0.13128264995387348
1.2919215800912862,-0.5339621590261547,-0.18685516773216798
1.763055483441229,-0.35553218993430635,0.14769223523537972
1.9297535249848012,-0.4632464750152159,0.18675352498479325
2.0069543937069296,-0.6256844639949368,0.15349458781059894
2.4854925877397775,-0.33785287410830767,0.5458158742348237
2.4975618909717907,-0.456684120890733,0.5013349407125754
2.3949248479439813,-0.6235649539147422,0.3752268875722365
2.3487928945514365,-0.6649203430157449,0.33987249915128
2.2649911556905544,-0.6772069858648218,0.29994390624414063
2.2178292892423066,-0.592884273130772,0.3263545424117308
1.9304402641337617,-0.6996116076961778,0.1368298897677369
1.5763846044138872,-0.8379061638341532,-0.10211926276649924
1.349377504897062,-0.8304539775709742,-0.20498879159654873
1.0401235917013194,-0.9041551429628828,-0.3898864417007821
0.9215539557580242,-0.8036848185579645,-0.3926937991051718
0.5462601819139336,-0.9928572361277535,-0.6690312673384243
0.49476629770965586,-0.905233702290385,-0.6454260811550344
0.5487768910197238,-0.7699126761958216,-0.5455832745366668
0.21244669656208504,-1.0895221713403331,-0.8687470770183986
0.4696080115753689,-0.8825284180055374,-0.6322415264540913
0.5039345155745296,-0.9629138292852666,-0.6512275322621068
0.7086741384848988,-0.9306024106368409,-0.5290491369834629
0.9503892561039367,-0.9081835496821653,-0.3937253050532738
1.0649606466759285,-1.0456461345105348,-0.40231499603058274
1.429455740762186,-0.949472171419617,-0.1695298416741684
1.5745079440664234,-1.0713775742694294,-0.15591487313151622
1.8234967762568834,-1.0703340499682428,-0.0292693889881408
2.292755880272243,-0.8135631108075075,0.33496004770034027
2.3145820580189786,-0.9546471429465888,0.2761285966905487
2.5402874968556692,-0.8314390342217881,0.45096444275346
2.4106401191252735,-0.9963598808747266,0.30364011912527333
2.469409343311441,-0.9033171877660308,0.3790862892092247
2.3236427187180495,-0.9475864822476038,0.2831892573895771
2.1482848826822307,-0.961034108397642,0.18748905011026729
2.0517031275081434,-0.8461276987170291,0.19493696226309604
1.7640007602280732,-0.8868847581077212,0.028577943030162645
1.459760872771058,-0.925167039410798,-0.14522470966532286
1.2390433838496246,-0.8785633973368904,-0.23523225885691268
0.651864981929341,-1.2147078238569138,-0.7002495792279435
0.5663347989463535,-1.081941750175513,-0.680388476522069
0.6469546044623475,-0.8298937403974178,-0.5182074433742736
0.5281891002957502,-0.8349473292851691,-0.5846604377337169
0.4339036126008681,-0.880065255301549,-0.6592901609796153
0.34942949428165737,-0.9822600729339022,-0.7579306712747406
0.4059131225337876,-1.0080868774661822,-0.7482792563308631
0.7079968910184233,-0.8461205270233123,-0.5222945582339571
0.8882007556464434,-0.8530380186694974,-0.4420469992167291
1.146434686876187,-0.8148440477879614,-0.3005753465258879
1.2321443962225131,-0.9656870862455809,-0.34022190027112675
1.6576653041002853,-0.7756254641476098,-0.03983856308002336
1.9885008489481806,-0.6615510228816315,0.1748904745822248
1.9719800710935507,-0.8597334912794979,0.05950532426299243
2.4186866757365433,-0.5455114658188142,0.4316394262901416
2.273196718919041,-0.7635165186481647,0.2412763235188749
2.33809373401067,-0.7043960678480623,0.2943957736389238
2.345303088712641,-0.6339429231499469,0.3240761384533999
2.2223643473967316,-0.6269811144513786,0.2566876338917647
2.0617441150374365,-0.5978947426644663,0.181284309141087
2.0062402050472583,-0.4147597949527049,0.23524020504727663
1.667774897603914,-0.4798127757716711,0.023411649398039254
1.4527196453191271,-0.4031640937984917,-0.05605710250441276
1.1607145336068032,-0.40285844561051976,-0.2123543487059348
0.9548031103605478,-0.3335379140058801,-0.29126509451274735
0.8222565376354334,-0.22441574313316398,-0.31374588416231575
0.46400625684606267,-0.3887235137804076,-0.5859320761439027
0.3588629571145444,-0.35853026169888796,-0.6344379387614181
0.4238886418957297,-0.22363229206060087,-0.5456155448955364
0.4277394831567355,-0.21774629771711076,-0.5519799251313093
0.3736754203120881,-0.335341442079665,-0.6491203310309331
0.5588639835186185,-0.27249371139811085,-0.5364755211087561
0.8620470180472496,-0.13968307553919163,-0.3298990006700469
1.1933665852340007,-0.012705563939692913,-0.112202131069944
1.4092165759073292,-0.01878342409261734,-0.018783424092640662
1.7659830225571216,0.11605517173091769,0.21555173886112433
1.9161541570714056,0.06188425065786605,0.25210017578870986
2.0165945866543984,-0.008047718428855682,0.25593409128177935
2.2009608513394814,0.053977713731177254,0.36775660268247645
2.3381386908859145,0.1276244717597721,0.4618580991739716
2.4109562636187247,0.20247719757503327,0.5244604504099863
2.5780680719028455,0.43946129071627926,0.7153689677788068
2.4083698449543633,0.4050996155808316,0.6023081779443261
2.223251605728385,0.413923886497057,0.5032540275261697
1.7566570545763738,0.188998078942682,0.1467252594496114
1.7848292514542212,0.4924022306714117,0.3018981337668953
1.5176442131525159,0.5175279522699979,0.1704209609759896
1.0700110064424855,0.36159867981806076,-0.1416257453516462
0.940715735495582,0.505715735495635,-0.1442842645043931
0.6250626308964131,0.42870148859831,-0.35047756320724177
0.5200810379104044,0.5134264997584312,-0.37024224858466476
0.49754010851404684,0.6207861203765832,-0.3372329412267324
0.412326558043367,0.598816359902093,-0.3999754815848879
0.5805538340671749,0.7612670716343488,-0.24352577053267307
0.5649663405350682,0.6731644820904379,-0.3039864100185252
0.5922632220038943,0.5679767843770184,-0.35126203116550503
0.9321784778813337,0.7262303497112421,-0.11021114775265788
1.2168615985164055,0.7941523667644111,0.05836546569677388
1.3998042535330988,0.7416357360010986,0.11617055002669044
1.5705771866630662,0.6758559213272332,0.16158722006514928
2.2312229503736143,1.1164617246895716,0.7054707052367939
2.0609785285342497,0.7590959465760648,0.4352699777866735
2.5729754720626934,1.1309754720627165,0.8711678509273741
2.3100133856292517,0.7857029528447885,0.5613735511856375
2.3143892668695902,0.7723581347720098,0.5515830404500741
2.4458766874220794,0.9530131170029968,0.7027262254515446
2.274124346706056,0.8949726915657538,0.5832863945426445
2.0860706915169462,0.8783472406387185,0.47679396698532234
1.911935455666484,0.9225082614526242,0.4080500168237119
1.6105232828423395,0.8721300640288406,0.22879892554886933
1.5201676732560785,1.0490955854379203,0.2691532556924518
1.324411720606801,1.1192972389426907,0.2038345378047587
0.9812646488400106,1.0230954750650676,-0.01796918591499875
0.7268014783816632,0.9801204694614417,-0.16840268904641983
0.4451922042450692,0.860421405210656,-0.3703543344264912
0.5638184439194691,1.0805449749969362,-0.20185850197831684
0.4879460151739167,1.0389460151739167,-0.26105398482608333
0.6087430298214912,1.1244695608989828,-0.1579339160762827
0.5150513238972854,0.9282805248629191,-0.302495214774252
0.8708654588803407,1.1211844499601857,-0.02733870854770984
1.063877043914538,1.1017078701396767,0.06064320915956867
1.1819007013512428,0.9717862196869996,0.056323518549134796
1.6379733117088653,1.1609012238906822,0.3809588941452268
1.677983372248246,0.9325901534348365,0.2892590149548201
1.8198695571092625,0.8224423628954829,0.3079841182665299
2.135292187830879,0.9185687369527175,0.5170154632992878
2.4244045518708894,1.035252896730635,0.7235665997075011
2.3567416115421502,0.852878041123058,0.6025911495716118
2.637577132711938,1.083546000614366,0.8627709062924236
2.444121742904175,0.9068113101196904,0.6824819084605492
2.323782308179424,0.8677823081794043,0.6079746870440828
2.1066640432716905,0.7897814613134433,0.465955492524082
2.0348381565587013,0.904076930874673,0.49308591142188984
1.6322247629623314,0.7205034976265147,0.20623479636442432
1.4228491399699759,0.7466806224378963,0.1212154364635244
1.1896536171823113,0.7479443854302412,0.012157484362638136
0.9208602575695548,0.6949121293993975,-0.14152936806447347
0.7359159739261274,0.6906295362992005,-0.22860927924330135
0.6793347160327204,0.7655328575880946,-0.21161803452086866
0.42842611223221955,0.5861393497993843,-0.4186534923676374
0.5028895183719484,0.6653793202306894,-0.3334125212563035
0.4451495410843403,0.5433955529469158,-0.414623508656424
0.6426768573179209,0.6100223191660091,-0.27364642917712234
0.7930162003024378,0.5696550580043107,-0.20952399380122672
0.9739185184878811,0.510918518487808,-0.1390814815121546
1.0167881758995647,0.2793758492752324,-0.22384857589452206
1.3724303893050331,0.342314128422611,-0.004792862871446396
1.7637589298265774,0.4403319090438602,0.2498278121392962
2.168807333843832,0.5691483582102236,0.5268755387171099
2.2853342125546092,0.44300649332317615,0.5323366343523441
2.4266275734613436,0.38935734408787576,0.5865659064513329
2.502065224827158,0.32845844364063403,0.6043661207031351
2.475888732585451,0.23140966654176412,0.5533929193767134
2.462768798808502,0.2152545796823408,0.5494882070965482
2.318129365336867,0.1331462277286217,0.4469251166798942
2.0929787360987473,0.029336431015499723,0.2933182407261341
2.00325054991837,0.10898064350477074,0.2991965686356388
1.506903584825379,-0.184024266000894,-0.08452769887065859
1.4399099830584028,-0.03009001694161579,-0.030090016941608833
1.2413165552332552,-0.00775559394050768,-0.10725216107073005
1.2271140831160914,0.1813839895296603,-0.008831935601197327
0.7919594348375393,-0.08439826007924955,-0.3483800697898664
0.5961445813451839,-0.15887228104659587,-0.47265116999785634
0.5338004909061986,-0.15868528996765235,-0.49291891738185417
0.4504896407888275,-0.24503129316748457,-0.567014546002435
0.5367520924504925,-0.22964112636295472,-0.5055488034254747
0.5149664918051473,-0.38776327882134304,-0.5849718411848255
0.6944629654082176,-0.40320931536031046,-0.4925394563894982
1.0104750519562655,-0.3298659724100791,-0.2875931529169894
1.2239379865613451,-0.3926349926558855,-0.2021308957513481
1.4609681494278657,-0.44891558968965767,-0.1018085983956278
1.611803785958724,-0.5907838874168914,-0.08755946224716346
1.987486924496551,-0.48951307550331663,0.16048692449661223
2.2669347692637976,-0.4497040884380249,0.3294749633674832
2.3955081035279284,-0.5118373583201202,0.37183139002298765
2.4917403912415126,-0.5465056206210478,0.41151344098228415
2.3673946655352145,-0.7350951363235254,0.26369670516346655
2.5474560962229638,-0.5502571413442134,0.4545357008228141
2.452314393383319,-0.5738837481720697,0.40326714393689767
2.1806685555098713,-0.7140450068632286,0.20519380867928322
1.9587173036770582,-0.7553345681528195,0.08110692931106574
1.7321830093495043,-0.7661077588984665,-0.030320857830845996
1.4576928803311053,-0.8061386021368583,-0.18067341616246763
1.2470531225733443,-0.7812256120908893,-0.26695691082877404
1.0475655483220951,-0.7616732259939218,-0.3506822065411163
0.855336398276385,-0.7677810197654049,-0.44395505097602556
0.6252856668902079,-0.858714333109798,-0.5989067119744638
0.6723450382575611,-0.7303445289579678,-0.5060151272988203
0.5307016961279657,-0.8552671717744555,-0.6344920774525187
0.5041839632261641,-0.9319524663547297,-0.6816655748032907
0.7337214642584193,-0.8171268806012986,-0.5054405835781788
0.8134636867486081,-0.9098128623731923,-0.5082595887197818
1.0144636293148526,-0.9281091764713219,-0.41365093184239227
1.204849270474678,-0.989757510711861,-0.34642637223187056
1.443044232220089,-1.0198836799616717,-0.23994135021624546
1.4835031885380066,-1.246382329797696,-0.3309196286598591
2.15135099669207,-0.8264798295330205,0.21458483144706295
2.356426466144017,-0.833892524935789,0.3146306335720864
2.309001441889644,-1.044227759075963,0.18654798056119481
2.5257604519454424,-0.9299660791320354,0.35243739784322325
2.5516321904906913,-0.939367809509309,0.36063219049069106
2.631547751810196,-0.8251787792672856,0.4572246977079749
2.4698584824773175,-0.8853707184882973,0.3454050211488641
2.0165807774333366,-1.1767382136464808,-0.028215055138599066
1.9869590449519288,-0.9948717812731764,0.04619287970691465
1.7625672336087468,-0.9723182847271947,-0.05685558358923692
1.5318779879656323,-0.9370499242162624,-0.15710759447076741
1.090068839022848,-1.1115379421637048,-0.4682068036837076
0.885046586345938,-1.0655262194402486,-0.551067974811313
0.5682220276100992,-1.164054521511711,-0.7625012478582959
0.6615295130704673,-0.8993188317892572,-0.5876325347661343
0.3446327261839661,-1.1025037033969656,-0.8522168118455062
0.5554775514269225,-0.8424913164754979,-0.6217162221535617
0.6201854382831042,-0.7955041289324197,-0.571174727273275
0.6190650712402789,-0.8789349287597187,-0.6191273076243888
0.6727065343600244,-0.965410883681754,-0.6415849148923807
0.809187656239206,-1.0160511180767147,-0.6050600986239529
1.2709091863567534,-0.7743695483073719,-0.2601008470453061
1.5077631272968866,-0.77406835517107,-0.1486031691966807
1.7162758610543987,-0.8010149071935658,-0.06522800612594604
2.1189398144726077,-0.6151120573572659,0.22132944010661965
2.1683648606975243,-0.7473487016755632,0.17189011386694225
2.1822927196190225,-0.8659054219363216,0.1112454701726292
2.7186090824839395,-0.40210415508323266,0.602688687083792
2.378690106122625,-0.7477996957361133,0.25099214575087747
2.6708529319225764,-0.3923930799399862,0.5656259816633463
2.35020311376208,-0.5831423480859865,0.30052640025713306
2.28059455910606,-0.4630442985958755,0.316134753209696
1.945610787128024,-0.5593892128720765,0.09061078712797546
1.8371275875000554,-0.3944600858755722,0.10876433929416136
1.5550536726280728,-0.38483006648946344,-0.03772307519542762
1.2365014350714743,-0.4110715441457687,-0.22056744724122565
1.1632690111066488,-0.20907201325970654,-0.16679919376661195
0.7656296993451708,-0.3650425814235403,-0.45437272245263316
0.6886586053799582,-0.24807116524653777,-0.445279727610018
0.4864510685982423,-0.3149421502152067,-0.5908498272777263
0.5526322240549838,-0.17888870990132633,-0.5008719627362783
0.5088772083546484,-0.2206085725191969,-0.5548421999334022
0.4364625622544557,-0.3565543001372293,-0.6703331890885293
0.7006039470326643,-0.21475374788405993,-0.4787355575947012
1.144090294398971,0.05836020081254045,-0.13185572431831374
1.2821273007798641,-0.007944848393896663,-0.10744141552411635
1.5376921369669607,0.025692136966944456,0.02569213696695387
1.7559370997458752,0.022009248919604388,0.12150581604984248
1.8471089863674892,-0.09116092004602515,0.09905500508480844
2.2874540925077014,0.17881178742446668,0.4427935971350943
2.5284319593390547,0.29744882173081866,0.6112277106820859
2.656155390158026,0.36164117103187066,0.6958747984460747
2.5429061217178535,0.25042705567416856,0.5724103085091163
2.5488403977585885,0.32623361657200556,0.6021412936345436
2.4478481800663827,0.36057795069282506,0.5577865130563345
2.075710410083816,0.18238269085237446,0.27171283188154605
1.9902862467514966,0.3386272711178772,0.2963544516247684
1.830317701003486,0.4538906802207564,0.263386583316198
1.5019639791555532,0.4178477182731179,0.07074072697906642
1.2437665405389793,0.45135421391449954,-0.05187021125517423
1.0829044069228795,0.5639044069227952,-0.08609559307716234
0.9008159794991198,0.6204548372009842,-0.15872421460454947
0.756389162396649,0.6657346242447313,-0.21793412409839769
0.48343143169674424,0.5226774435593176,-0.43534161804402155
0.2910852271196226,0.39357502897834284,-0.6052168125086335
0.5361605922175683,0.6328738297847757,-0.3719190123822613
0.761986526657943,0.7861846682133155,-0.19096622389564433
0.7848320934606441,0.6765456558337191,-0.24269315970878116
1.1078719887885573,0.8179238606184043,-0.018517636845466368
1.4655089532456163,0.9587997214935524,0.2230128204259486
1.5791192285993303,0.8369507110674763,0.2114855250929965
1.804166782425719,0.8254455170899179,0.31117681582781953
1.9576645776922728,0.7589033520082581,0.34791233255546766
2.3190673241169053,0.9331847421586699,0.6093587733693027
2.5227540642438293,0.9967540642438177,0.7369464431084916
2.7041839323403165,1.095873499555889,0.871544097896721
2.533666549469795,0.9076354173722117,0.6868603230502784
2.4832870189121437,0.9064234484930483,0.6561365569416033
2.327280537097436,0.8641288819571737,0.5524425849340433
2.2339950039272436,0.9422715530490722,0.5407182793956473
2.0704192100217815,0.9969920158079901,0.4825337711790431
1.7618861549192784,0.939492936105738,0.2961617976257891
1.6605565128995918,1.1054844250813913,0.32554209533594547
1.4642578963415351,1.1751434146772783,0.25968071353942024
0.9644010900540934,0.9222319162792197,-0.11883274470088233
0.9374460234862998,1.1067650145661347,-0.04175814394175581
0.7566182595144896,1.087847460480057,-0.1429282791570804
0.620348186402548,1.0530747174800055,-0.22932875949524267
0.5153647689238435,0.9823647689238434,-0.3176352310761566
0.45745354497472884,0.8891800760522003,-0.3932234009230551
0.6726927941903967,1.0019219951559917,-0.2288537444811599
0.7397452549284858,0.906064246008276,-0.2424589124995919
1.1055065031873192,1.0593373294124913,0.018272668432366038
1.3736670560516218,1.0795525743875256,0.16408987324958668
1.5006215731441463,0.9395494853260022,0.1596071555805269
1.5823188495982736,0.7529256307847887,0.10959449230481061
2.2129778428129465,1.131550648599099,0.6170924039701807
2.2723946349357926,0.9716711840576595,0.5701179104042149
2.44647520566689,0.9733235505267132,0.6616372535035397
2.3415894768265555,0.753725906407476,0.5034390148560226
2.6900387729611497,1.0520076408635686,0.8312325465416336
2.4526481348537357,0.8313377020692678,0.6070083004101193
2.2005325219681984,0.6605325219682132,0.4007249008328754
2.348800170821384,0.9479175888630421,0.6240916200737251
2.119879543988429,0.9051183183043812,0.4941272988516043
1.6977397913255292,0.7020185259896892,0.18774982472760654
1.6376355175584447,0.8774670000264284,0.2520018140520287
1.2256772315990538,0.699967999847044,-0.03581890122058497
0.9054567991246956,0.5955086709544124,-0.2409328265093971
0.8822190565526888,0.7529326189257408,-0.16630619661675208
0.6036152891352007,0.6058134306905615,-0.3713374614183968
0.5887262424678468,0.6624394800350263,-0.34235336213200124
0.5306419993701219,0.6091318012288577,-0.38966004025813095
0.624232873390983,0.638478885253533,-0.31954017634979237
0.6356920537830913,0.5190375156312041,-0.3646312327119414
0.7977327645651978,0.4903716222671035,-0.2888074295384521
0.8822573762250883,0.3352573762251524,-0.31474262377488066
1.488567230732214,0.6671549041078015,0.16393047893808885
1.602000773326857,0.48788451244435205,0.14077752115033781
1.7667802759974935,0.35935325521481915,0.16884915831023178
2.109326019058185,0.42566704342461587,0.3833942239314806
2.2161244966852154,0.28979677745389604,0.379126918483005
2.396615198592316,0.27534496921878987,0.47255353158228225
2.6722469937070503,0.4146402125204858,0.6905478895830129
2.420229894659455,0.09175082861576131,0.413734081450716
2.4799155261792745,0.1484013070531246,0.48263493446732
2.581252596521242,0.31226945891294233,0.6260483478642356
2.171651315138383,0.024009010055131202,0.2879908197657617
2.0085373342681736,0.030267427854633967,0.2204833529854744
1.6071810931142825,-0.16774675771193756,-0.06825019058172224
1.5143522111488388,-0.03964778885120974,-0.039647788851190045
1.2589263741509822,-0.07414577502291898,-0.17364234215307434
1.125919787187257,-0.003810306399198757,-0.19402623153004614
0.8365618416573445,-0.12379585325939718,-0.3877776629700357
0.6094450665606437,-0.2295717958311048,-0.5433506847823789
0.5504439462721676,-0.22604183460167035,-0.5602754620158766
0.6652371820974036,-0.11428375185890118,-0.4362670046938574
0.6347964891924263,-0.21559672962100426,-0.4915044066835348
0.5396045700379644,-0.4471252005885005,-0.6443337629519978
0.8606629173302253,-0.32100936343836345,-0.410339504467519
0.9891280960741192,-0.4352129282922977,-0.3929401087991698
1.212981166833523,-0.4875918123835549,-0.29708771547909585
1.4973469351213944,-0.4965368039960854,-0.14942981270207942
1.9747208294077896,-0.31186684396778347,0.19135758120192123
1.836143123471014,-0.724856876528938,-0.07485687652896147
2.2846348807863204,-0.5160039769155738,0.26317507488997566
2.3592756563594124,-0.6320698054886924,0.2515989428544485
2.562410679471217,-0.5598353323913167,0.3981837292119966
2.529118242834018,-0.6573715590247047,0.34142028246227374
2.5193104736711485,-0.6624027638960518,0.34239007827098233
2.384426972805957,-0.7257711687493988,0.2513797233595535
2.3541839949790293,-0.6245295673940212,0.29470924814846744
2.0114971426298363,-0.7865547292000689,0.04988676826382859
1.7740071672874742,-0.8082836009605279,-0.07249669989289319
1.4225157646780302,-0.9253157177900799,-0.2998505318156175
1.2313835063369123,-0.8808952283272515,-0.36662652706516996
1.107907911078769,-0.7853308632371854,-0.37433984378441
0.8574205519093495,-0.84969686613239,-0.5258708973430348
0.8980153468412823,-0.6699846531587387,-0.41017703202339806
0.5159076930390876,-0.9707818741764769,-0.7464524725173127
0.6772547376616528,-0.7927141302407651,-0.5719390359188308
0.5919967125596536,-0.9281397170212629,-0.6778528254698117
0.8337175984877799,-0.8011307463719788,-0.4894444493488378
0.9326361193994014,-0.8746404297223657,-0.473087156068974
1.1486808434119073,-0.8778919623741342,-0.36343371774527167
1.1831287408984754,-1.0954780402880258,-0.4521469018080548
1.475937928116662,-1.0709899840651798,-0.2910476543197117
1.6854520328636478,-1.1284334854721327,-0.2129707843342558
2.161848373529005,-0.8999824526961548,0.14108220828396403
2.3469426093969608,-0.9273763816827377,0.2211467768250837
2.4407346603035265,-0.9964945406620608,0.23428119897508645
2.5237069613952774,-1.0160195696821899,0.2663839072930632
2.6416567750738467,-0.9333432249261534,0.3666567750738466
2.6835678045427906,-0.8571587265346715,0.42524475044057886
2.388159885786993,-1.0510693151786974,0.17970642445850207
2.0941703625593187,-1.1831486285205262,-0.034625470012630666
2.0529598410108885,-1.01287098521425,0.028193675765858232
1.6559081033463818,-1.1629774149894847,-0.24751471385156473
1.469351366353687,-1.08357654582813,-0.30363421608267427
1.2945634958207002,-0.9910432853657771,-0.3477121468858182
1.0728893564279327,-0.9616834493582882,-0.4472252047293347
0.9477324266281788,-0.8685441224936603,-0.46699084884023
0.7599045372407972,-0.8849438076190055,-0.5732575105958427
0.5877563935762062,-0.9433800360047031,-0.6930931444532558
0.5913953209102716,-0.8905735469921456,-0.6697984526702119
0.751361628071568,-0.7483279391439566,-0.5239985374848085
0.5680283863404536,-1.0139716136595363,-0.7541639925242072
0.9580942241561446,-0.764023193885531,-0.44019722509620784
0.9767613587402644,-0.9324774155757105,-0.521486396122925
1.3719312566218131,-0.7573474780423737,-0.24307877678028103
1.6413549400260274,-0.7244765424419924,-0.09901135646757539
1.9404020306911816,-0.6608887375567519,0.07489816351085371
2.262963607696893,-0.5550882641328546,0.2813532333309696
2.1822933693676783,-0.8174201930053984,0.10181862253710616
2.587570913606403,-0.5446272279489746,0.43252366415999133
2.5755051195433136,-0.6292081180238732,0.375584724143157
2.7472361249856547,-0.46325367687308905,0.5355381646139062
2.731495513066529,-0.41575049879607906,0.5422685628072779
2.402760423799387,-0.6145850380487043,0.26908371029442946
2.266857073540126,-0.5607817841617498,0.21839726764378986
2.0417909706378192,-0.5472090293622088,0.10279097063780532
1.6790499129658527,-0.6365377604096953,-0.13331333524000352
1.642214168176115,-0.3816695709415788,-0.03456257964746218
1.2941653066227727,-0.43740767259451285,-0.24690357568994648
0.9316118971254289,-0.5247291272409657,-0.4824563077478494
0.853068529597205,-0.3616037511714455,-0.4509338922005706
0.6547020368529283,-0.36602773377352293,-0.5632362961370275
0.8277250532804246,-0.05766816553308446,-0.3335758425955679
0.6111035748739401,-0.20441735908239095,-0.5264006119173261
0.7559170802587412,-0.057568700615115875,-0.3918023280293089
0.6961725370257671,-0.18084432536593523,-0.49462321431723283
1.0127668626397002,0.01340916772294272,-0.25057264198768825
0.8723624098152346,-0.297367683771241,-0.4875836089020789
1.4076486824100614,0.03357653323632893,-0.06592003389390286
1.5154452151326594,-0.08055478486732691,-0.08055478486733024
1.904227997444809,0.08630014661867672,0.18579671374884776
2.175021615048609,0.15275170863503534,0.3429676337658965
2.399990867884889,0.20734856280160688,0.4713303725122561
2.300870901807229,-0.014112235800995354,0.2996666531502684
2.631177779520727,0.25266356039457405,0.586897187808779
2.5245656444894613,0.14808657844576922,0.47006983128072277
2.7220312692978776,0.41542448811132093,0.6913321651738438
2.5245493522810714,0.3532791229075584,0.5504876852710435
2.2947101702155317,0.31738245098415047,0.40671259201328985
2.1653072601921894,0.42964828455853143,0.3873754650654442
1.745237750816967,0.2848107300340849,0.09430663312960486
1.8117740157975115,0.6436577549150322,0.2965507636210047
1.3107918177747009,0.4343794911503136,-0.06884493401941198
1.253981220778841,0.650981220778829,0.0009812207788335858
0.8411867241895237,0.4768255818913435,-0.30235346991416234
0.809704510133363,0.6350499719813522,-0.24861877636172497
0.7331425082149983,0.6883885200775445,-0.2696305415257759
0.6547498813805193,0.6732396832392451,-0.32555215824773553
0.4720724409741919,0.48478567854139565,-0.5200071636256443
0.6971709402490984,0.637369081804448,-0.339781810304505
0.8007783997592003,0.6084919621323767,-0.3107468534101727
0.8998221343284586,0.525874006158333,-0.3105674913055497
1.4428125297408758,0.8521032979888433,0.1163163969212253
1.742355677582867,0.9161871600509409,0.2907219740764959
1.9543374887007647,0.8916162233648937,0.37734752210282896
2.1681672042931397,0.8854059786092517,0.47441495915639925
2.2364130535895845,0.7665304716313717,0.4427045028419943
2.573815970995921,0.9638159709959244,0.704008349860592
2.7746148762794514,1.0823044434950073,0.8579750418358469
2.5089765348738355,0.7989454027762549,0.5781703084543195
2.650299448258271,0.9894358778391985,0.7391489862877414
2.37201145366546,0.8248597985251771,0.513173501502058
2.0551104421869786,0.6793869913087787,0.2778337176553688
2.0636172348330217,0.9061900406190976,0.3917317959902176
1.8949627516825125,0.9885695328690517,0.3452383943890615
1.7442978975228163,1.1052258097046972,0.32528347995920925
1.4072204221972486,1.0341059405329516,0.11864323939511476
0.9805890958889708,0.8544199221140617,-0.18664473886602162
0.9941560556503553,1.079475046730081,-0.06904811177775419
0.9149885035386299,1.1622177045042361,-0.06855803513292083
0.7802895548452679,1.1290160859227452,-0.153387391052513
0.6069143915811371,0.9899143915811371,-0.31008560841886285
0.7286338922507379,1.0763604233282196,-0.20604305364704095
0.7990282235982208,1.0442574245638918,-0.18651831507329802
0.845509160232275,0.9278281513120923,-0.22069500719578938
1.180248165772594,1.050078991997699,0.009014331017607721
1.363597942487121,0.9854834608229497,0.07002075968504883
1.7468423724393605,1.1017702846212554,0.32182795487576
2.047644370083112,1.1342511512697746,0.4909200127897222
2.1072868347648783,0.9418596405510652,0.42740139592212906
2.328023280012804,0.9432998291346146,0.5417465554811988
2.389435396107476,0.8322837409672581,0.5205974439441058
2.627477821615689,0.9556142511965872,0.7053273596451458
2.4702412065467256,0.7482100744491474,0.5274349801272099
2.702492723959763,0.9971822911752896,0.7728528895161432
2.401701036622951,0.7777010366229508,0.5178934154876192
2.2995160833935118,0.8146335014352122,0.49080753264587706
2.104908636009805,0.8061474103258113,0.3951563908730109
1.8382310820802565,0.7585098167442754,0.24424111548226216
1.7531336363433871,0.9089651188113472,0.2834999328369553
1.570904618690821,0.9611953869387894,0.22540848587116696
1.2259530513027082,0.8320049231324866,-0.004436574331352361
0.8646582963257518,0.6513718586988531,-0.267866956843663
0.7831440029538136,0.7013421445092075,-0.2758087475997658
0.6271645414978425,0.6168777790650178,-0.3879150631020092
0.4298689532397044,0.4243587550984458,-0.5744330863885473
0.6224469879834106,0.5526929998460057,-0.40532606175734404
0.6173009801192577,0.4166464419673266,-0.46702230637579545
0.9715275589882181,0.5801664166900636,-0.1990126351154602
1.061454832902472,0.43045483290257486,-0.2195451670974794
1.3562478184475333,0.4508354918231635,-0.05238893334657238
1.6652092745366034,0.4670930136542558,0.11998602236016084
1.8795309259866964,0.3881039052039416,0.19759980829939616
2.177398205714749,0.4097392300811072,0.3674664105880101
2.487404927207692,0.4770772079763123,0.5664073490054535
2.4069140848081343,0.20164385543464713,0.39885241779811376
2.6477380585905896,0.306131277404072,0.5820389544665739
2.613823445578825,0.20134437953513884,0.5233276323700877
2.739666641237435,0.3241524221112846,0.6583860495254865
2.4095476799156295,0.05656454230734709,0.37034343125863783
2.317262299270309,0.08561999418703754,0.3496018038976753
2.146731623089842,0.084461716676179,0.2746776418070789
1.8449955081846938,-0.013932342641540613,0.08556422448867546
1.6343854552536694,-0.003614544746309648,-0.0036145447463226876
1.3229726164816822,-0.09409953269215181,-0.19359609982233858
1.064252287951048,-0.14947780563534832,-0.3396937307662233
1.0601565356786267,0.01579884076178574,-0.2481829689488052
0.9499369148684984,0.026920052476738537,-0.2868588364745321
0.6629414181960851,-0.19754436267775544,-0.5317779900919627
0.6508622785135346,-0.21265865544277687,-0.5346419082777277
0.6963882718642426,-0.2380049469492142,-0.5139126240117294
0.6833444847498923,-0.3873852858764901,-0.5845938482400308
0.9202152704804683,-0.3454570102880874,-0.43478715131726164
1.2086640187242914,-0.29967700564208655,-0.25740418614898025
1.4228907955691612,-0.3616821836479969,-0.1711780867434958
1.789566591293059,-0.28831714782450335,0.0587898434695458
1.8090888001800445,-0.5614988731956084,-0.058274448025861944
2.180886874307111,-0.4641131256927904,0.18588687430715506
2.4032001178606137,-0.4814387398412356,0.297740311964286
2.666472022105225,-0.40887343974279816,0.47479530860030017
2.5720661785361907,-0.6341798333263797,0.323839228276957
2.632086758720296,-0.6384030431384434,0.3603887983485481
2.7132563971518437,-0.5524568404153601,0.4523360017516743
2.45611639576561,-0.7380817457897593,0.23906914631919796
2.354157750917958,-0.708555811455194,0.2106830040873439
2.169384971825117,-0.7126669000047267,0.12377459745914138
2.100006270476232,-0.5662844977717004,0.1695024032959009
1.6464895262852006,-0.7853419561828374,-0.1598767702084098
1.461645345070133,-0.7346333895940623,-0.22036468833196637
1.1961390429289842,-0.7810997313870968,-0.37010871193425937
0.8465841829478582,-0.9445332350939036,-0.6207072663045383
0.8317005851589262,-0.82029941484106,-0.5604917937057358
0.6592078787365035,-0.9114816884790443,-0.6871522868198874
0.6829331257359308,-0.8710357421664839,-0.6502606478445522
0.738825638272085,-0.8653107913087892,-0.61502389975736
0.7795024231530704,-0.9393459217066671,-0.6276596246835375
0.7688341104665181,-1.1224424386553102,-0.7208891650018858
1.0651772222845928,-1.045395583501517,-0.5309373388726197
1.2996477997299847,-1.062958981456592,-0.41962784297658273
1.6133660544460517,-1.0175618577356347,-0.2376195279902457
2.079605469041186,-0.8182800492945548,0.097182651843301
2.1899380763451863,-0.955892749879938,0.08517191110016223
2.39746885436896,-0.9608501367107948,0.18767302179705553
2.60474125974263,-0.9164879412229974,0.31428779841417026
2.668925347174979,-0.9548011839024493,0.32760229307278427
2.666843182742158,-0.992156817257842,0.30784318274215794
2.635411985025329,-0.9893145460521426,0.29308893092311283
2.4822231764315474,-1.0410060245341046,0.18976971510307536
2.3216514611524293,-1.0396675299273606,0.1088556285805073
2.071450628153406,-1.0783801980716652,-0.03731553709159091
1.9245353653977266,-0.9783501529381771,-0.06288745180023812
1.6023722167025862,-1.0345556954792698,-0.2546133657337943
1.314886904156453,-1.054719877030172,-0.4113887385501386
1.2964765283287418,-0.8220962774574108,-0.307638032828492
0.8816019562539892,-1.0186745928677936,-0.617121319214392
0.8666295901390904,-0.8622187547206718,-0.55053245769753
0.7921404293953999,-0.8229960001855222,-0.5727091086340677
0.6389660491056658,-0.9270028187967547,-0.7062277244748184
0.6418399777975627,-0.9418495894179716,-0.7175201877588215
0.7572436758636902,-0.9087563241363271,-0.6489487030009873
0.9858114654453698,-0.8203059525963563,-0.49647998380700914
1.1660600906255043,-0.8271786836904507,-0.4161876642376717
1.3281907436428055,-0.8850879910212479,-0.3708192897592179
1.631117770583513,-0.8187137118844833,-0.19324852591007402
1.9413848480623783,-0.7439059201856247,-0.008119019117985689
2.0996059539133336,-0.8024459179164657,0.03399557954738015
2.5603312657218584,-0.523382296651257,0.3958565188912626
2.3711344688394838,-0.8450636727158237,0.1320872193931086
2.531493884316007,-0.7572193532511757,0.24757348891585423
2.6420597875851337,-0.6524300142736055,0.34636182721338554
2.664838008333549,-0.5664080035290332,0.3916110580743093
2.530580977237322,-0.5707644846107252,0.3129042637323851
2.399034324415267,-0.5126045332867217,0.26657451851887626
2.1489778027973805,-0.5240221972026861,0.12597780279734927
2.0131031481504835,-0.38648452522510696,0.11673989994460801
1.7213770789167835,-0.3865066602008277,-0.039399668906754226
1.369560109374071,-0.4460128698431345,-0.25550877293861
1.1362831919330765,-0.40405783243324545,-0.3617850129401674
0.9644616755696681,-0.3342106051990156,-0.423540746228122
0.7871753256249393,-0.31755444500153734,-0.514763007365027
0.6571575089491376,-0.31223570986433136,-0.5881433869268409
0.7446218466063362,-0.15489908734997435,-0.4768823401849259
0.6193309292030965,-0.2781548516707595,-0.6123884790849593
0.8470373321610959,-0.11397953023060911,-0.42775841918189894
0.9781836825933776,-0.10517401232337506,-0.3691558220340021
1.4165757648416857,0.16284567125531896,-0.027370253875567102
1.488337050399952,0.03026490122615303,-0.06923166590404731
1.5671968194092232,-0.11280318059083269,-0.11280318059080328
1.8064808504227807,-0.09544700040340469,0.004049566726786469
2.1450863380932628,0.03881643167971414,0.22903235681056502
2.4131341582508914,0.13649185316770907,0.4004736628783108
2.5600373700607633,0.16105423245250722,0.4748331214037847
2.7150666214234094,0.25255240229724313,0.5867860297114526
2.6938336244685326,0.23335455842484734,0.5553378112597955
2.7609317225890586,0.3703249414024854,0.6462326184650189
2.554985203576164,0.29971497420256854,0.496923536566097
2.334755325347889,0.2734276061164748,0.3627577471456329
2.1196641975385764,0.30000522190499074,0.2577324024118653
1.9613250481112294,0.41689802732842757,0.22639393042390552
1.554199602828398,0.3020833419460014,-0.04502364934806932
1.4477088795172637,0.487296552892724,-0.015927872276923462
1.1844537974052671,0.49745379740521645,-0.15254620259475773
0.9599533607864238,0.5115922184883154,-0.26758683331723165
0.863201769602083,0.6045472314501278,-0.2791215168929823
0.6706662080563264,0.5419122199189093,-0.4161068416844347
0.7896860813868664,0.7241758832455862,-0.27461595824138973
0.6954246786540421,0.6241379162212392,-0.3806549259457925
0.9979251834132015,0.854123324968554,-0.12302756714039567
0.8188835634079643,0.5425971257810914,-0.3766416897614348
1.081469656673717,0.6235215285035298,-0.21291996896032364
1.3660605444994594,0.6913513127473574,-0.044435588320227315
1.6433473527466826,0.7331788352147894,0.10771364924032943
1.9413397158881303,0.7946184505522907,0.28034974929021156
2.1155505066560103,0.7487892809720601,0.33779826151923764
2.5184728626210893,0.9645902806628258,0.6407643118734726
2.648636335076304,0.9546363350762727,0.6948287139409566
2.656099536853921,0.8797891040694832,0.6554597024103206
2.661630235150164,0.8675991030525798,0.6468240087306468
2.5751782178211706,0.8303146474020564,0.5800277558506213
2.5160341251630385,0.884882470022796,0.5731961729996559
2.5215950136572793,1.0618715627791353,0.6603182891256968
2.125858198957209,0.8844310047433526,0.36997276011443797
1.7618832331460057,0.7714900143325032,0.12815887585253546
1.471407923147599,0.7483358353293272,-0.03160649441608393
1.3758200197603454,0.9187055380961259,0.0032428369582489236
1.1067615758371552,0.8965924020623153,-0.14447225891780358
0.946729177902925,0.9480481689827072,-0.20047498952515697
0.8210451885402786,0.9842743895058659,-0.24650135013128135
0.732722679431121,0.9974492105085591,-0.28495426646667943
0.7647149458269967,1.0637149458269965,-0.23628505417300333
0.7498052701681078,1.0135318012455692,-0.2688716757296811
0.9821129720295767,1.1433421729952091,-0.0874335666419612
0.9771269687614691,0.9754459598412315,-0.1730771986666225
0.9827819613539088,0.7686127875791454,-0.27245187340101207
1.642530271390906,1.180415789726772,0.264953088588852
1.710965180798021,0.981893092979838,0.2019507632343821
1.9232049683254575,0.9258117495120445,0.28248061103203037
2.1308182427812805,0.8813910485673988,0.3669328039384975
2.353823512095128,0.8851000612170475,0.4835467875635763
2.574856992934472,0.9337053377942759,0.6220190407711121
2.571071878310885,0.8152083078917952,0.5649214163403468
2.8784611617490294,1.0724300296514486,0.8516549353295134
2.910403939914833,1.1210935071303758,0.896764105471222
2.6393569301872786,0.9313569301873136,0.6715493090519656
2.3834519777999863,0.8145693958416718,0.4907434270523407
2.1952779572373706,0.8125167315533567,0.4015257121005628
2.0703451148092267,0.9066238494733069,0.3923551482112667
1.8595482380604529,0.9313797205284762,0.30591453455405665
1.5424160063109267,0.8487067745589549,0.11291987349130665
1.112458778555822,0.6345106503855732,-0.20193084707825362
1.0924816122951415,0.7951951746682216,-0.12404364087428539
0.9584951333521744,0.7926932749074881,-0.18445761720144357
0.8281061910695322,0.7338194286367219,-0.27097341353031085
0.7561419325524457,0.6666317344111705,-0.3321601070758094
0.8208076972916756,0.6670537091542453,-0.2909653524490901
0.8516353635498234,0.5669808253979172,-0.3166879229452191
0.8790217238883741,0.4036605815903447,-0.3755184702152472
1.0876876507783249,0.3726876507783555,-0.2773123492216609
1.4358509002414521,0.44643857361698996,-0.056785851552694055
1.702143883934822,0.4200276230523919,0.07292063175834007
1.9754314503072212,0.4000044295245091,0.20950033261994025
2.0050419506704027,0.15338297503691145,0.11111015554373294
2.4682631264499264,0.37393540721858,0.46326554824770244
2.5689841404703504,0.2797139110968182,0.47692247346030914
2.7243253351900565,0.2987185540035119,0.5746262310660291
2.5923098348070663,0.095830768763387,0.4178140215983302
2.6662307847645716,0.16671656563840292,0.5009501930526075
2.5529905109849267,0.11600737337663364,0.4297862623279279
2.5973358489294185,0.2816935438461948,0.545675353556811
2.1668382406399136,0.02056833422629556,0.2107842593571792
2.034145520305388,0.09121766947922047,0.19071423660940512
1.5879117186474292,-0.1340882813526933,-0.13408828135263676
1.3366246523437808,-0.16444749683009624,-0.26394406396025955
1.2758428719185333,-0.02188722166788845,-0.2121031467987532
1.0624691939917623,-0.06588850092504564,-0.32987031063564687
0.9939784748940089,-0.01303838749771924,-0.3268172764490036
0.6889506833338974,-0.2555350975399441,-0.5897687249541447
0.7543673535234141,-0.19315358043287637,-0.5151368332678441
0.6307951520302688,-0.3875980667831713,-0.663505743845697
0.7467046456280211,-0.40802512499839233,-0.6052336873619195
1.2527287341389843,-0.09694354662963181,-0.1862736876587738
1.2446697853368198,-0.34767123902964403,-0.30539841953648894
1.5325266089080902,-0.33604637030901224,-0.14554227340454495
1.6788236825166245,-0.4830600566008937,-0.13595306530686846
2.0239126646904513,-0.4306750086850367,0.07254941648462154
2.0664402368610757,-0.66255976313891,-0.01255976313891688
2.398725575325147,-0.5699132823767625,0.2092657694287908
2.769102376913081,-0.3902430849349856,0.4934256634081364
2.664890573924791,-0.6253554379377639,0.3326636236655633
2.72821785653597,-0.6262719453227524,0.37251989616422565
2.846672381829161,-0.5030408557380395,0.5017519864289979
2.643434394853756,-0.6347637467015794,0.34238714540736265
2.524782597313983,-0.6219309650591298,0.2973078504833929
2.2942888107404835,-0.6717630610893967,0.1646784363744912
2.15167365316348,-0.5986171150845937,0.13716978598307672
1.7219935706915477,-0.7938379117765315,-0.1683727258020818
1.320864018854165,-0.9594147158099607,-0.44514601454789837
1.2073228479036175,-0.8539159264124092,-0.4429249069595954
1.1151812114080724,-0.7599362066336393,-0.436110237844298
0.9350149137878341,-0.8009850862122238,-0.5411774650768647
0.8478343018168971,-0.8068552653986502,-0.5825258637394964
0.8641829979464117,-0.7737858699560061,-0.5530107756340719
0.8981763356022661,-0.7899600939786251,-0.5396732024271884
0.7616988170637244,-1.0411495277960536,-0.729463230772903
0.964304175933206,-1.010972373188513,-0.6094190995351438
1.4257567927382317,-0.7688160130478394,-0.2543577684189633
1.4808759034016454,-0.9657308777848936,-0.3223997393049038
1.8892188638959417,-0.8257090482858224,-0.0457667185403941
1.9701960311514553,-1.0116894871843631,-0.09622678604646723
2.203098490080008,-1.0267323361451839,0.014332324834950401
2.4642817843234273,-0.9780372067562987,0.1704859517515365
2.6333270355802814,-0.9719021653853261,0.25887357425183166
2.721696258222391,-0.9860302728550567,0.2963732041201867
2.7957722074864693,-0.9472277925135311,0.352772207486469
2.725903513736506,-0.9828230173409452,0.2995804596343001
2.64145031356922,-0.9657788873964507,0.26499685224073916
2.43317057907669,-1.0121484120031252,0.13637474650475526
2.2930401233676196,-0.9407907028575833,0.1002739581225572
2.1695787081417857,-0.8173068101940403,0.09815589094385863
1.7580064405390925,-0.9629214716426853,-0.18297914189724915
1.2736505225168866,-1.1799562586696588,-0.5366251201896668
1.1422494297478696,-1.060323376038322,-0.545865131409382
1.1186408511406831,-0.8656356979812088,-0.464082424327752
0.9444265267586995,-0.8684218181010889,-0.5567355210779316
0.7755016115159756,-0.9236348180649236,-0.6733479265134812
0.800439855885932,-0.8495290120164918,-0.6287539176945528
0.7499341735443118,-0.917755393671223,-0.6934259920120698
0.8411903231079473,-0.9088096768919983,-0.6490020557566933
0.9640340304972312,-0.9260833875444798,-0.6022574187551366
1.0855673045040488,-0.9916714698119604,-0.5806804503591578
1.2842809074603894,-1.012997827203734,-0.4987291259416704
1.6931570606530324,-0.8406744218150272,-0.21520923584059018
1.8766307307422154,-0.8926600375056375,-0.15687313643807488
2.270153343158512,-0.7158985286712699,0.12054296879257154
2.2935034092656914,-0.874210153107403,0.04502866243510756
2.5060948009818307,-0.7941033405735101,0.1830475515354375
2.602327083523796,-0.7703861540433903,0.2344066881236368
2.7899655049010517,-0.5885242969577038,0.41026754452930064
2.7162961422981438,-0.5989498695644544,0.35906919203889764
2.763958296678381,-0.4213871651696788,0.46228158317343615
2.684677120977281,-0.31096173672464794,0.4682173150809184
2.1981135230444333,-0.558886476955549,0.09111352304443864
1.788264780836496,-0.6953228925390144,-0.19209846736934116
1.7640662082031833,-0.427817530914472,-0.08071053962037467
1.4188059298504896,-0.4807670493667715,-0.2902629524622133
1.2372965546725416,-0.3870444696939179,-0.3447716502007691
0.996049912309937,-0.3866223684586996,-0.4759525094878274
1.1797533485010636,-0.008976422125368422,-0.2061849844888824
0.7905628402754356,-0.26283037853804997,-0.5387380556005491
0.8185824207563004,-0.16493851320003128,-0.48692176603496606
0.660915685145767,-0.32057009572805717,-0.6548037231422708
1.0625805611614456,0.01756369876970923,-0.29621519018156695
0.911271163884946,-0.2560865310318397,-0.5200683407424564
1.1855908291479225,-0.15213926443850348,-0.34235518956936195
1.4899681827264442,-0.05210396644732636,-0.1516005335775388
1.7806474715783518,0.01664747157845376,0.016647471578402216
1.9866677859625503,0.0007399351363794743,0.10023650226656985
2.322639369311227,0.1323694628976328,0.32258538802850006
2.473180439272882,0.11253813418965172,0.37651994390027504
2.4922027495756987,0.009219611967453967,0.32299850091872795
2.7082861413843022,0.16177192225815415,0.49600554967236105
2.7903123462631227,0.24583328021943024,0.5678165330543842
2.681810840974661,0.20720405978812825,0.4831117368506354
2.509528227315832,0.17025799794228136,0.3674665603057855
2.370043726645636,0.22471600741429595,0.31404614844341117
2.1331887248199966,0.22952974918625946,0.1872569296932155
2.0182216609551484,0.38979464017230403,0.19929054326780532
1.7146947322952617,0.3785784714128084,0.03147148011877185
1.5521189446499877,0.5077066180255282,0.004482192855838986
1.3889697468304179,0.6179697468304273,-0.032030253169575
1.202629486659716,0.6702683443614823,-0.10891070744399672
0.9414292018949267,0.5987746637429469,-0.28489408460014914
0.7218586201460842,0.5091046320086401,-0.448914429594685
1.046575412067477,0.8970652139262134,-0.10172662756077577
0.8851448916134917,0.7298581291806739,-0.27493471298635186
0.9155159195800736,0.6877140611354033,-0.2894368309735395
1.142296050013964,0.7820096123871225,-0.13722920315542078
1.248952971702509,0.7070048435323488,-0.12943665393151668
1.368974712887997,0.6102654811360452,-0.1255214199316159
1.5754339093227905,0.5812653917908248,-0.044199794183600316
2.0579769821383573,0.8272557168024566,0.3129870155404043
2.406024297886533,0.9552630722026032,0.5442720527497744
2.5371808105430373,0.8992982285847961,0.5754722597954329
2.554778633539507,0.7767786335395398,0.5169710124041946
2.8277728018276593,0.9674623690432053,0.7431329673840499
2.767713397633011,0.8896822655354367,0.6689071712134964
2.71005577315603,0.8811922027369379,0.6309053111854906
2.8319944324196724,1.1168427772794085,0.80515648025628
2.4619727013614088,0.9182492504831512,0.5166959768297715
2.287069609884291,0.9616424156704002,0.4471841710415033
2.0267667153870224,0.9523734965735955,0.3090423580935894
1.8854039845270871,1.0783318967088933,0.2983895669634427
1.5737911049915738,1.0326766233273172,0.1172139221894594
1.3907231338764476,1.096553960101474,0.05548929912142296
0.8194400335276246,0.7367590246073796,-0.4117641339004707
0.759759148975969,0.8389883499415949,-0.3917873896955719
0.7762297437095325,0.9569562747869912,-0.32544720218825773
0.6405706712225145,0.8555706712225144,-0.44442932877748553
0.6082753292721266,0.7880018603496273,-0.49440161662564286
0.9430147811026228,1.0202439820682732,-0.21053175756890596
1.2047104721348836,1.1190294632146733,-0.02949369529319454
1.2237494413909724,0.9255802676161394,-0.11548439336398235
1.4789464842586304,0.9328320025944212,0.017369301456539206
1.779980043536608,0.9669079557185773,0.18696562597304475
2.1055640491881897,1.0241708303748185,0.38083969189478184
2.2463819849420443,0.9129547907281974,0.3984965460992782
2.370794325831018,0.818070874952886,0.4165176012994398
2.467662474673092,0.742510819532855,0.43082452250971237
2.7194334413760584,0.8795698709569408,0.6292829794055089
2.859918450371957,0.9698873182743852,0.7491122239524426
2.871869175324955,0.9985587425404916,0.7742293408813399
2.678641872433051,0.886641872433021,0.6268342512977021
2.655961391423541,1.0030788094652703,0.679252840675921
2.3209487770816235,0.8541875513976719,0.4431965319448479
1.9598267175050048,0.7121054521690617,0.19783675090702943
1.7175413525654,0.7053728350333907,0.0799076490589861
1.5921051483068551,0.8143959165547515,0.07860901548716488
1.3442203484349269,0.78227222026473,-0.05416927719911843
1.251042262325089,0.8697558246982185,-0.049482990844311764
0.7476936880259464,0.4978918295812931,-0.4792590625276536
0.806689595140668,0.6284028327078431,-0.37639000945918066
0.6829726584760887,0.5094624603348306,-0.48932938115216285
0.8062588027227674,0.5685048145853412,-0.3895142470179946
0.9240496867463373,0.555395148594387,-0.3282735997487255
1.071363061269347,0.5120019189712337,-0.2671771328343072
1.1848610952799326,0.38586109528001417,-0.2641389047200333
1.441641408753989,0.3682290821296915,-0.13499534304008068
1.974064322908215,0.6079480620258416,0.26084107073175555
2.228919060997438,0.5694920402146462,0.3789879433101193
2.1850933298407824,0.24943435420721863,0.20716153471407836
2.5071797960902216,0.32885207685881424,0.41818221788796894
2.684820914410564,0.31155068503710054,0.5087592474005589
2.815552538004728,0.3059457568182143,0.58185343388071
2.8395371014218727,0.25905803537818706,0.5810412882131356
2.8533228526602095,0.26980863353405415,0.6040422609482543
2.831622536818804,0.31063939921054234,0.6244182881618229
2.4703052414608515,0.0706629363775139,0.33464474608818895
2.1268554384003435,-0.1034144680132852,0.08680145711759729
2.2002171196588347,0.17328926883262433,0.27278583596283246
1.9448055785948262,0.1388055785947732,0.138805578594797
1.3423176623678796,-0.24275448680593026,-0.342251053936125
1.5001061916910916,0.11837609810472967,-0.0718398270261627
1.1030844884206696,-0.1092732064961434,-0.3732550162067486
0.8747401725375126,-0.21627668985424117,-0.5300555788055108
1.0508884850409195,0.022402704167060195,-0.3118309232471378
0.6061186487716013,-0.42540228518472356,-0.7473855380196637
1.0208078106013558,-0.08158540821211083,-0.3574930852746214
0.960247848008353,-0.2784819226180483,-0.47569048498157956
0.9443229568619721,-0.4893493239065973,-0.5786794649357687
1.3934444735451592,-0.2828965508211538,-0.24062373132808007
1.644526173121356,-0.3080468060958264,-0.11754270919131717
1.6763528789890616,-0.5695308601285392,-0.2224238688344708
1.9932830418525775,-0.5453046315229906,-0.042080206353290475
2.3201006929086545,-0.49289930709128005,0.15710069290868203
2.5087127305302768,-0.543926127171532,0.23525292463397265
2.5336705028556548,-0.7096749589923758,0.1739937893507227
2.9416508477476713,-0.43259516411490884,0.5254238974884325
2.684605478021956,-0.7538843238367717,0.24490751765021065
2.932744801416681,-0.5009684361505131,0.503824406016516
2.64233559542227,-0.7198625461331467,0.2572883459758372
2.378201286158785,-0.852512276214339,0.06672653932818473
2.37161754211989,-0.6784343297099289,0.15800716775392964
2.0087662111751943,-0.8255245570728101,-0.08973765600517312
1.7225183265042894,-0.8773131559637178,-0.25184796998930303
1.4449959501663947,-0.919282784497864,-0.40501408323573895
1.3062109414204786,-0.8390278328955683,-0.4280368134427479
1.0022803725300446,-0.9568370455116969,-0.6330110767223397
1.0530662716939498,-0.7669337283060732,-0.5071261071707306
0.8385768875223718,-0.9001126796931722,-0.6757832780340153
0.8865173006258903,-0.835451567276518,-0.6146764729545914
0.8281215271505055,-0.9440149024303788,-0.6937280108789448
1.013729829634273,-0.8731185152254788,-0.5614322182023437
1.1778095136886269,-0.8814670354331483,-0.47991376177975054
1.099757739128289,-1.1788150666578505,-0.6643568220289396
1.3667756968331894,-1.1638310843534252,-0.520499945873397
1.69616070587091,-1.1027672063108183,-0.32282487656540737
2.0754964618910754,-0.9903890564447028,-0.07492635530682815
2.3870390951075002,-0.9267917311175619,0.11427292986250777
2.652480470967625,-0.8738385201121559,0.2746846383957069
2.7813946763325115,-0.9078345246331349,0.32294121500404244
2.8276575397982713,-0.9640689912791675,0.3183344856960714
2.7550393597303064,-1.0719606402696935,0.2280393597303064
2.970052399415705,-0.8226741316617852,0.4597293453134794
2.619803821562864,-1.071425379402768,0.15935036023440216
2.5705911844722764,-0.9587278066074848,0.189795351900368
2.324326013721225,-0.9935048125039108,0.04755984847619583
2.161392915427154,-0.9094926029087124,0.0059700982292077015
1.8231337627082516,-0.981794149473682,-0.20185181972816668
1.477517532741088,-1.060089248445499,-0.4167581099654845
1.307623336850985,-0.9789494689351295,-0.46449122430623097
1.1501452488881514,-0.9181313002336844,-0.5165780265802564
1.1459501445091238,-0.7508982003506808,-0.43921190332751614
0.863328939920805,-0.9198074896601421,-0.6695205981086733
0.8471954162989949,-0.8867734516034258,-0.6659983572814893
0.7674358656243271,-0.9842537015912244,-0.7599242999320638
1.1484798414916557,-0.6855201585083247,-0.4257125373730034
0.9610749398695193,-1.0130424781722422,-0.689216509382875
1.3541958756922436,-0.8070428986236468,-0.39605187917089985
1.524461366532997,-0.8568173681310868,-0.3425486668690443
1.6042119600825655,-1.0136195223854703,-0.38815433641104113
2.224480268236139,-0.6288105000117832,0.10697640105581269
2.2639728718304544,-0.8060789999993888,0.03036249746448201
2.7305291884776794,-0.5211843738953237,0.39805444164714576
2.5469513598659033,-0.8372467816894138,0.13990411041952036
3.0251412992420468,-0.43157193832514645,0.573220903841889
2.949699430520918,-0.51279037133781,0.4860014701491724
2.874085367544637,-0.5251606443179356,0.4328584172854021
2.7051364117368153,-0.564209050111201,0.3194596982318903
2.559958249673864,-0.5196806080281092,0.25949844377748493
2.4004560599884397,-0.44054394001159364,0.20945605998842506
2.113734565538602,-0.4538531078370731,0.049371317332688236
1.8894233345836526,-0.3864604045339199,-0.039353413239865735
1.7765978056334901,-0.20697517358366496,-0.016471076679169472
1.2997877456210394,-0.4085532787454722,-0.3662804592522912
1.1375787063428235,-0.3290935744258332,-0.41842371545495305
1.1085190210561218,-0.16421074957040646,-0.3614193119338662
0.9420305194397947,-0.1953626993736644,-0.4712703764361787
0.8054085491480866,-0.26211238480823823,-0.5840956376431784
0.7880206870743974,-0.2774650937994399,-0.6116987212136489
0.969387194414643,-0.159629667977068,-0.4734085569283589
1.2286143185870682,-0.02274337632963222,-0.28672518604028513
1.1539987238364349,-0.2677313697499521,-0.45794729488083213
1.6389009165026551,0.012828767328817443,-0.08666779980136359
1.8030042018594905,-0.04499579814047724,-0.04499579814049605
2.06038462890241,-0.009543221923718086,0.08995334520644882
2.4596682196207698,0.18539831320728495,0.37561423833810403
2.6041302710143825,0.1594879659311858,0.42346977564179045
2.6750492282758973,0.10806609066762095,0.4218449796189086
2.588073716952719,-0.04244050217341458,0.2917931252407745
3.0115788123385077,0.3830997462948221,0.7050829991297707
2.792780985495987,0.23417420430939428,0.5100818813719377
2.7333592850088677,0.31008905563527805,0.5072976179988079
2.226707548190286,-0.002620171041101127,0.08670996998804353
2.3706853592768673,0.38302638364320324,0.34075356415012104
2.075717801067702,0.36329078028493755,0.1727866833803969
1.8662675150499084,0.4461512541673105,0.09904426287334442
1.4721514488306158,0.34373912220610103,-0.15948530296355495
1.376892765411141,0.521892765411124,-0.12810723458886697
1.4795953074929922,0.8632341651948185,0.08405511338930766
0.9943411606617877,0.5676866225098517,-0.31598212583326796
0.8764513309460885,0.5796973428086697,-0.3783217187946697
0.8190071051343591,0.5854969069930788,-0.4132949344938969
0.9016431217279394,0.6623563592951366,-0.34243648287189826
1.1036123443957446,0.7918104859511338,-0.18534040615783418
1.1645072862612527,0.7202208486343619,-0.1990179669081582
1.4362589964677566,0.810310868297535,-0.026130629166301156
1.5616012093767506,0.718891977624821,-0.016894923442846897
1.9298307607578016,0.8516622432258774,0.22619705725143013
2.0487719963857285,0.7340507310499609,0.2197820297878459
2.2997595458462534,0.7649983201622769,0.3540073007094652
2.4423640925141528,0.7204815105558615,0.3966555417665224
2.570439278767687,0.7084392787677,0.4486316576323598
2.865290891706277,0.9209804589218223,0.6966510572626703
2.605070996665972,0.6430398645683879,0.4222647702464552
2.846542728949459,0.9336791585303489,0.6833922669789132
2.7704640797507856,0.9713124246105629,0.6596261275874131
2.4271450824715943,0.799421631593393,0.39786835793998454
2.537887166168674,1.1284599719547446,0.614001727325869
1.9210085189517265,0.7626153001381555,0.11928416165822092
2.110332143392765,1.2192600555745288,0.4393177258291008
1.431757320394921,0.8066428387307396,-0.10881986240715619
1.259626757833356,0.8814575840584495,-0.15960707692163534
1.2113306387557903,1.0446496298356003,-0.10387352867227773
0.8734169833487663,0.8686461843143172,-0.36212955532281227
0.9080855338620756,1.0048120649395238,-0.2775914120357197
0.8672632477033725,0.9982632477033725,-0.3017367522966275
0.8456474283898083,0.9413739594672892,-0.34102951750797084
0.8421280922363946,0.835357293202006,-0.39541844643515356
1.2063619838257185,1.0366809749056172,-0.11184218360230608
1.3554620429134943,0.9732928691386973,-0.06777179184144326
1.487061857976166,0.8569473763119918,-0.05851532482590713
1.9288329197101677,1.031760831892059,0.25181850214656587
2.177306217649268,1.011912998835814,0.3685818603558215
2.3930510389723048,0.9756238447583895,0.4611656001295049
2.4540316366141006,0.8173081857359928,0.41575491208253545
2.8784162557721196,1.069264600631909,0.7575783036087508
2.717876726465429,0.7940131560463592,0.543726264494901
2.742611895777827,0.7685807636802523,0.547805669358312
2.847140647947401,0.8898302151629545,0.6655008135037955
2.693797159298426,0.817797159298374,0.5579895381630673
2.632208066971874,0.8953254850135877,0.5714995162242424
2.3610309242322147,0.8102696985481284,0.39927867909537285
2.1992439110934443,0.8675226457575713,0.35325394449550535
1.9871186517873156,0.8909501342553784,0.265484948280939
1.5212806244454509,0.6595713926934166,-0.07621550837420331
1.2125946889939836,0.566646560823769,-0.26979493664007503
1.0531156655912797,0.5878292279642976,-0.3314095875781753
0.9697187100626506,0.6359168516179945,-0.3412340404909555
0.9986365687671539,0.7363498063343434,-0.2684430358326861
0.9260464797643402,0.6685362816230767,-0.3302555598639125
0.9638053530814726,0.6420513649440737,-0.31596769665928087
0.9155005280586187,0.4628459899067616,-0.4208227584364028
1.1149772881558233,0.47161614585775447,-0.3075629059478142
1.5737206292434283,0.6907206292434132,0.04072062924342315
1.628719073225537,0.4713067466011598,-0.03191767856857061
1.829437650558063,0.37932138967558116,0.03221439838155883
2.2223226808476366,0.47889566006501033,0.28839156316039477
2.4965526037904686,0.47689362815693087,0.43462080866377956
2.567304328056062,0.3049766088247016,0.39430674985382685
2.7073459183412223,0.2500756889677144,0.44728425133119726
2.7778361949632226,0.18422941377668256,0.4601370908391934
2.6444842278887655,-0.01999483815489908,0.3019884146800327
2.7884940537548824,0.1209798346287108,0.4552134620429212
2.7247485091993444,0.119765371591085,0.43354426054235784
2.623452638887777,0.13981033380448682,0.40379214351514026
2.3866056725674376,0.07233576615386811,0.262551691284723
2.248251249975861,0.13732339914971786,0.23681996627989452
1.874832182309149,-0.015167817690948179,-0.015167817690900259
1.4828476396892325,-0.18622450948459193,-0.28572107661478596
1.6090907141008433,0.14336062051434367,-0.046855304616477855
1.0809471471050092,-0.21541054781175628,-0.479392357522383
0.9319993882351062,-0.24301747415661626,-0.5567963631078995
0.8806976700182443,-0.23178811085560358,-0.5660217382698136
1.0048571014616818,-0.11066383249462197,-0.43264708532957896
1.0014808504019759,-0.1849123684114307,-0.4608200454739775
1.079727072041052,-0.24300269858539433,-0.4402112609489012
1.1591700471029205,-0.35850223366573636,-0.44783237469485415
1.2246746185828778,-0.5356664057835078,-0.49339358629039587
1.6119582847769496,-0.4246146944402033,-0.234110597535707
1.8080256822113894,-0.5218580569060414,-0.174751065612064
2.275328941114618,-0.3472587322609205,0.15596569290876644
2.2791745518994624,-0.6178254481005441,0.03217455189945587
2.4684266549757363,-0.6682122027261321,0.11096684907940402
2.638051692448671,-0.6892937693993464,0.19437497894374722
2.8131435213397045,-0.6451024905228191,0.31291657108048887
2.838351851637899,-0.6841379502208342,0.3146538912661525
2.8387358287008206,-0.6789774088663587,0.32581543330066465
2.736277498505545,-0.7099206430498378,0.267230249059131
2.5129659995810116,-0.8017475627920628,0.1174912527504377
2.330716393771073,-0.8033354780588622,0.03310601940504995
2.0714132869000728,-0.8468774813479718,-0.11109058028031313
1.8767188172201819,-0.8071126652478493,-0.18164747927342656
1.694726281458485,-0.7535524532057211,-0.2392837519436162
1.3973091011137437,-0.831929673202241,-0.42093865374945066
1.1985723768551377,-0.8445450411866989,-0.5207190723972976
0.9830955095855907,-0.9209044904144403,-0.661096869279097
0.9365968074428096,-0.8860927597727342,-0.6617633581135803
0.9704200508097173,-0.8355488170926941,-0.614773722770765
0.8583997124555253,-0.9977367171253815,-0.7474498255739352
1.1433314789110594,-0.8275168659487435,-0.515830568925579
1.4113628972767658,-0.731913651844976,-0.33036037819159714
1.3649332866970914,-0.9976395190890177,-0.4831812744601213
1.5879555776854277,-1.0266512035010356,-0.38332006502108473
1.9911279725591833,-0.8917999396226233,-0.111857609877173
1.988232565711366,-1.1616529526244876,-0.24619025148657497
2.4543054511326945,-0.9435253750923323,0.09753928588771876
2.5371505025238705,-1.0731684885558845,0.07535466995196578
2.9344900417403244,-0.8387391592252449,0.3920365804118934
2.805766859338097,-1.0699596717393622,0.2124438052358869
2.977406752992233,-0.9335932470077671,0.3664067529922329
3.026027520251799,-0.850699010825671,0.43170446614958347
2.7347043882900173,-1.0405248126756335,0.19025092696154577
2.604375921891917,-1.0089430691879528,0.13958008931995522
2.3518260763442154,-1.0500047498809517,-0.008940088900829812
2.2103043182546944,-0.9445812000810965,-0.02911849894321429
1.8993082706517153,-0.989619641530134,-0.20967731178466323
1.4989956836157838,-1.1226110975708448,-0.4792799590908079
1.3777768297522157,-0.992795976034036,-0.4783377314050671
1.2528304440222346,-0.8994461050996343,-0.49789283144618757
1.0522826013586188,-0.9285657435011451,-0.6168794464780015
0.9391411446888575,-0.9279952848920672,-0.6777083933406104
1.0378338612265132,-0.7801350066759045,-0.5593599123539703
0.8819393149065033,-0.9537502523090057,-0.7294208506498672
1.0508252348912073,-0.8671747651087655,-0.6073671439734448
1.1153021185634302,-0.9428152994783014,-0.6189893306889502
1.4073585715215655,-0.8378802027943874,-0.42688918334161047
1.8287876845788733,-0.6364910500852798,-0.12222234882320371
1.9990742002881658,-0.7027572821797146,-0.07729209620536436
2.1666226093633822,-0.7706681588845182,-0.034881257816929016
2.3151011848108354,-0.838950687018971,-0.002509189555120056
2.5900302525875407,-0.7456833097855116,0.17355550575698106
2.771171476805561,-0.6970266647497892,0.28012422735916
2.8891417099140977,-0.6515715276531102,0.35322131451393074
2.727865503934419,-0.818624297924326,0.18016754356266984
2.7942247378023524,-0.6890212740602245,0.2689977875431137
2.780199103742251,-0.5731463581058583,0.310522390237285
2.5735672930105555,-0.590071564691334,0.18910748711420927
2.38915156343571,-0.5358484365642509,0.11415156343572999
2.2429778649309124,-0.40860980844465794,0.09461461672504151
1.8831098007290006,-0.4767739383886285,-0.12966694709454024
1.8126992028161175,-0.25487377640120296,-0.06436967949661876
1.4810063652567842,-0.3113346591096549,-0.26906183961651214
1.1008771672813018,-0.4497951134872942,-0.5391252545164462
1.0039624965024023,-0.352767274124081,-0.5499758364875651
1.1822514162182518,-0.03914180259523789,-0.31504947965773067
1.073526382919867,-0.07799455103645131,-0.3999778038713968
0.964387996693748,-0.18509778418010078,-0.5193314115942976
0.9979704123986934,-0.215046449993049,-0.5288253389443262
1.112089893691381,-0.22326780122536666,-0.48724961093599806
1.3728060892525793,-0.132924004333867,-0.3231399294647194
1.6708512023227011,-0.03922094685098371,-0.1387175139812431
1.8512679046987328,-0.08073209530121903,-0.0807320953012392
2.169513216194698,0.015585365368502989,0.11508193249870137
2.509482142913445,0.15121223649990057,0.3414281616307473
2.74142347857541,0.21278117349216635,0.47676298320279265
2.737476755881567,0.0864936182733453,0.4002725072246123
2.8122986658247293,0.09778444669858452,0.4320180741127857
2.9109892009867493,0.19851013494307043,0.5204933877780136
2.7605531202950275,0.11794633910846108,0.39385401617098925
2.6608289628979254,0.1535587335244077,0.3507672958878915
2.6394794072737495,0.32615168804242267,0.4154818290715351
2.386740785308113,0.31508180967442323,0.2728089901813521
2.2260409295822994,0.42961390879947886,0.23910981189497207
1.888094040051934,0.3839777791694187,0.03687078787540949
1.6922455051240821,0.4798331784996471,-0.023391246670050686
1.4252305452972596,0.4862305452973148,-0.1637694547027139
1.155070678630476,0.45470953633228195,-0.32446951547322034
1.070476810776336,0.5598222726243638,-0.3238464757187322
0.9837226520111796,0.6029686638737272,-0.3550503977295971
1.1137246094586029,0.7962144113173277,-0.2025774301696523
0.9901379318051486,0.6668511693723312,-0.3379416727946979
0.9882309110798417,0.5924290526351981,-0.38472183947375493
1.2882678417391182,0.7599814041122384,-0.15925741143028282
1.5454825774995422,0.8355344493294559,-0.0009070481344493342
1.8475161466121763,0.920806914860177,0.1850200137925425
2.071634148204626,0.9094656306726299,0.2840004446982175
2.2291128972136067,0.8303916318777691,0.31612293061568786
2.3826068076067166,0.7638455819227605,0.35285456246994246
2.4996954026621303,0.6938128207039346,0.3699868519145513
3.001075400437561,1.0550754004375817,0.7952677793022408
2.819886472964452,0.7915760401799936,0.5672466385208382
2.8982059842508847,0.8521748521533035,0.6313997578313684
2.826799778158877,0.8299362077398006,0.5796493161883438
2.8237795600062876,0.9406279048659815,0.6289416078428758
2.8119899277098295,1.100266476831604,0.698713203178207
2.398681347631526,0.9052541534176651,0.39079590878875475
2.205283685706141,0.9628904668926457,0.31955932841267265
1.8746992447991668,0.899627156981009,0.11968482723554154
1.7407692102540273,1.0316547285896958,0.11619202745187608
1.4924487158757787,1.030279542100841,-0.010785118879228638
1.1917460750601307,0.9410650661399119,-0.20745809236795093
1.0885460008012766,0.9997752017668664,-0.23100053787028266
0.9910962127441579,1.003822743821626,-0.27858073315362747
1.240910605867383,1.287910605867383,-0.012089394132616949
0.9534408537582824,0.9651673848357725,-0.3172360921394921
1.0588822348206874,0.9681114357863195,-0.2626643038508507
1.320726855875685,1.067045846955526,-0.08147731155236707
1.4032632557664386,0.9370940819915742,-0.10397057898853242
1.6357364694542789,0.9216219877900292,0.0061592866521681736
1.9483686305402281,0.9672965427221617,0.1873542129766461
2.258519472201182,1.0091262533878786,0.36579511490780886
2.5281113131874986,1.0266841189736218,0.5122258743447161
2.574549786528118,0.8538263356499541,0.4522730619965255
2.9176279841065726,1.0244763289663679,0.7127900319432106
2.84671501896445,0.838851448545328,0.5885645569938965
2.98929919657709,0.9312680644795124,0.7104929701575745
2.892834557220856,0.8515241244364093,0.6271947227772471
2.837318956370226,0.8773189563702091,0.6175113352348859
2.6752570138171516,0.8543744318588358,0.5305484630695065
2.481990294268337,0.8472290685844114,0.4362380491315766
2.2995952306810663,0.8838739653450429,0.3696052640830531
1.849027593384999,0.668859075853038,0.043393889878606484
1.601622750611922,0.6559135188598474,-0.07987338220775096
1.5376498452261318,0.8077017170558805,-0.028739780407943782
1.1483979859998212,0.5991115483729684,-0.32012726716956785
1.0024808690461786,0.5846790106015557,-0.3924718815074094
1.0686699535973176,0.722383191164514,-0.28240965100252385
0.8883463695274585,0.5468361713861895,-0.4519556701007954
0.966328764638808,0.5605747765014131,-0.39744428510194185
1.2915213328156796,0.7548667946636987,-0.12880195367939506
1.2234737754501048,0.4961126331519762,-0.28306641865356086
1.4309037213508309,0.4639037213508663,-0.18609627864915468
1.8281960895261176,0.5867837629017953,0.08355933773203174
1.9770132975042842,0.442897036621973,0.09579004532785965
2.3328926453702397,0.505465624587423,0.3149615276829042
2.5048051931854936,0.4011462175518829,0.3588733980587698
2.6760666022112916,0.32973888297992415,0.4190690240090629
2.908442930583794,0.3671727012103255,0.5643812635737826
2.794368326810558,0.11676154562404967,0.3926692226865463
3.210399682185048,0.46192061614137647,0.7839038689763136
3.0802501343396145,0.3287359152134557,0.6629695426276615
2.752422702196786,0.0634395645885016,0.37721845353978917
2.6759398525907505,0.10829754750745572,0.3722793572181052
2.509675274674446,0.11140536826073855,0.30162129339166427
2.209353965248377,0.014426114422219017,0.11392268155239643
1.7965533846096104,-0.17744661539041684,-0.17744661539040166
1.7881598819291962,0.035087732755328734,-0.06440883437484181
1.6229499916153318,0.07321989802898975,-0.11699602710190865
1.3977628812664236,0.017405186349544355,-0.24657662336102362
1.1361290105512896,-0.12288785184042982,-0.4366667407917208
1.0621689106143635,-0.13431687025949923,-0.4685504976736915
0.9836614898327434,-0.21585944412356725,-0.5378426969585188
1.022192015582339,-0.24820120323115116,-0.5241088802936461
1.0680288774118392,-0.3387008932145111,-0.5359094555780722
1.168298556714807,-0.43337372405380314,-0.5227038650829504
1.3485730366536401,-0.49576798771269326,-0.45349516821961355
1.860737901351524,-0.25983507786559923,-0.06933098096111595
1.9194799082775733,-0.4944038308400537,-0.14729683954597625
2.1009076443379278,-0.6056800290376902,-0.10245560386796151
2.3820629888936873,-0.5989370111062932,0.05106298889369547
2.7187623970992636,-0.5018764606025605,0.277302591202948
2.575682340979509,-0.8356631208684955,0.04800562747459347
2.8741830742825507,-0.6680629375800278,0.2899561240233094
2.9402608821967418,-0.6662289196619972,0.3325629218249938
3.164588307673374,-0.4371249298938199,0.5676679122732124
2.7409573273681365,-0.7892408141872495,0.18791007792171605
2.5873950251412956,-0.8113185372318905,0.10792027831066726
2.497836499301519,-0.720215372528256,0.11622612493557764
2.1781449550160485,-0.8241458132319271,-0.08835891216430182
2.0750083765033422,-0.6928231059647302,-0.0673579199902855
1.7721220215965428,-0.7601567130676862,-0.24588801180557351
1.4773412551373706,-0.8358975191787484,-0.42490649972588973
1.4743955117175673,-0.6527219063241385,-0.32889593753480145
1.2384648366224353,-0.7495351633775749,-0.48972754224223647
0.9189531775359471,-0.9877363896796092,-0.763406988020448
0.9862638634683389,-0.9037050044340754,-0.682929910112144
1.2581635873023598,-0.6819728422784994,-0.4316859507270797
0.9861162752936385,-1.0687320695661375,-0.7570457725429888
1.3967437192816896,-0.8305328298401086,-0.4289795561867008
1.6081157978468736,-0.8384570079392054,-0.3239987633103235
1.6603614515662952,-1.0382453296203535,-0.3949141911403095
2.054298998011547,-0.9126289141701037,-0.13268658442473263
2.273364434427918,-0.9605210839079008,-0.045058382770005206
2.737564088404467,-0.7442667378206268,0.2967979231594581
2.634531864420005,-1.059787126659725,0.08873603184811275
2.8437705182218656,-1.0134586827437992,0.21731705689338707
2.8770840913661826,-1.0826424397112362,0.19976103726399247
2.9441305306864325,-1.0508694693135674,0.24913053068643257
3.0060849609774323,-0.9546415701000487,0.32776190687521134
2.731402953358322,-1.127826247607346,0.10294949202984216
2.542674248414926,-1.1546447426648088,-0.006121584156968507
2.38004419083419,-1.1057866353909098,-0.064721974410822
2.4106251275251185,-0.8282603908107127,0.08720231032719075
1.9637587744517746,-1.0091691377301168,-0.2292268079846235
1.743880173100377,-0.9617266080862785,-0.3183954696062309
1.5312486433013401,-0.9233241624847452,-0.40886591785586024
1.2268152517799242,-1.009461297341879,-0.6079080236884687
1.0595587175704968,-1.0052896272892937,-0.6936033302661344
1.0527389514620555,-0.8983974781188759,-0.6481105865674165
0.9446523368357609,-0.957316531066666,-0.7365414367447244
0.9297571847287236,-0.9899323824868318,-0.7656029808276712
1.1410110344877362,-0.8609889655122714,-0.6011813443769345
1.2997544177880045,-0.8423630002536973,-0.5185370314643621
1.5445189488746323,-0.7847198254412846,-0.3737288059885269
1.7298371688301242,-0.8194415658338958,-0.3051728645718825
1.9760947453895092,-0.8097367370785571,-0.1842715511041152
2.3876944914842904,-0.633596276763679,0.1021906243039435
2.5066911684648914,-0.7313607033648779,0.10508079409895325
2.7910130921806156,-0.6287004701924057,0.29053834535006984
2.915361454174951,-0.6368366873803397,0.34031420472858437
3.0576975042068595,-0.5670157333603335,0.4377771088066985
2.9166632366696654,-0.7138265651890743,0.28496527629791724
2.9953771957171784,-0.5718688161454025,0.38615024545793597
2.8534698863194508,-0.5838755755285584,0.2997931728145328
2.7109403429442764,-0.536698514757738,0.24248053704787317
2.2828460820294834,-0.7261539179705284,-0.07615391797051649
2.2364160364109043,-0.49917163696472105,0.004052788205011676
2.015553946495653,-0.42832979262198156,-0.08122280132790005
1.9056563384688365,-0.24591664074829384,-0.05541254384380653
1.5415541616282395,-0.33478686273832403,-0.29251404324512104
1.3753122649424938,-0.25936001582614854,-0.34869015685527116
1.1265918854096106,-0.3141378852168848,-0.5113464475803648
0.9751887975695133,-0.33020442124397964,-0.606112098306473
1.0832819619124374,-0.15223897204387393,-0.47422222487882476
1.2931537757412659,0.05966799486740407,-0.27456563254678834
1.0998573817668111,-0.19715948062493438,-0.5109383695762039
1.243292420894801,-0.17606527402191324,-0.44004708373256324
1.4840483749689823,-0.10568171861735468,-0.2958976437482553
1.8433073293635978,0.04923518018973647,-0.05026138694043657
2.0619453015470475,0.04594530154702624,0.04594530154703879
2.1607545391239227,-0.07717331170225798,0.02232325542793963
2.6675187016336133,0.22524879522010838,0.4154647203509335
2.7929489709940967,0.18030666591093797,0.44428847562152796
2.8970293150936124,0.16204617748532993,0.47582506643661654
3.0094537107332484,0.21093949160709063,0.5451731190212964
3.0255347102332077,0.22905564418953556,0.5510388970244734
3.1084608293296134,0.38185404814301693,0.6577617252055666
2.912679040543133,0.32140881116951914,0.5186173735330573
2.6612591255909406,0.26393140635956697,0.35326154738870885
2.5136338295147733,0.35797485388115613,0.3157020343880467
2.174999022730954,0.29457200194813005,0.10406790504361532
2.1351183312025106,0.5470020703199383,0.19989507902596326
1.6539468475259245,0.35753452090134996,-0.14568990426827977
1.5061741097860069,0.4831741097860109,-0.16682589021398678
1.5204746775522682,0.7361135352541338,-0.043065516551400035
1.338601588018543,0.7439470498665578,-0.13972169847653354
1.1461611647171588,0.681407176579761,-0.27661188502359235
1.045536487894805,0.6440262897535354,-0.35476555173344887
1.0958671151409625,0.6885803527081382,-0.3162124894588827
1.2186949834047371,0.7388931249601168,-0.23825776714884936
1.2029481858717346,0.590661748244886,-0.3285770672976521
1.5638388809262063,0.7698907527559598,-0.06655074470786682
1.7751525541779494,0.7644433224261008,0.02865642135838971
2.185031925465152,0.9388634079331794,0.31339822195875905
2.306714243126725,0.8239929777909274,0.3097242765288249
2.6889092316202174,0.9861480059362975,0.5751569864834601
2.7018818417144144,0.8119992597561024,0.4881732909667713
2.822771954726818,0.7927719547268036,0.5329643335914792
2.9169867782408567,0.8046763454563981,0.5803469437972459
2.915495635550071,0.7854645034524808,0.5646894091305531
2.914216070091772,0.8333524996726484,0.583065608121218
2.9393488977512017,0.9721972426109928,0.6605109455878376
2.614169797082233,0.8184463462040639,0.4168930725506379
2.5202639700626124,0.9428367758487215,0.42837853121982566
2.1539202061644014,0.8275269873508648,0.18419584887091434
1.983752245179772,0.9246801573614647,0.1447378276160714
1.7250039147940097,0.9318894331298633,0.016426731991950813
1.6749691341823638,1.1287999604074934,0.08773529942738986
1.3081227961136488,0.9734417871934045,-0.17508137131444584
1.2016116640154997,1.028840864981069,-0.20193487465606935
1.0937340032968887,1.0224605343743178,-0.2599429426009163
1.0060204794531737,0.9690204794531738,-0.3309795205468262
0.9089685721773386,0.8366951032548087,-0.44570837372044586
1.0974342200917926,0.9226634210574423,-0.30811231857973687
1.3236330026054908,0.9859519936853604,-0.16257116482254777
1.6125787745533497,1.0624096007786148,0.021344939798443666
1.8772355092037307,1.0791210275395215,0.1636583264016393
2.2493153669705324,1.1842432791523818,0.40430094940691075
2.321162618080308,0.9877693992669292,0.3444382607868979
2.5935680810012296,1.0081408867872763,0.493682642158412
2.7219468871726895,0.9172234362946393,0.5156701626411517
3.0335286735338274,1.056377018393592,0.7446907213704477
2.91455184809842,0.8226882776793458,0.572401386127888
2.9867302263232722,0.8446990942256913,0.6239239999037559
2.8331064077130796,0.7077959749286498,0.4834665732694802
2.950814882752172,0.9068148827520901,0.6470072616167961
2.7550778841812233,0.8501953022229575,0.5263693334336043
2.7235562066387877,1.0047949809547436,0.5938039615019645
2.3994814739740784,0.8997602086381249,0.38549150737610144
2.0860415610102434,0.8218730434783543,0.19640785750388792
1.786582341350888,0.7568731095988827,0.021086208531250948
1.4867764030935322,0.6728282749233423,-0.16361322254051125
1.1165149553711484,0.4832285177442045,-0.4360102977982906
1.181508761775655,0.6797069033309514,-0.29744398877797196
1.0499138274376374,0.6196270650048481,-0.3851657771621954
1.2037098269279904,0.7781996287867162,-0.22059221270026436
1.2409526700265026,0.751198681889105,-0.20682037971425377
1.150162529777712,0.5295079916258245,-0.35416075671732117
1.2815284001278817,0.470167257829854,-0.30901179397573164
1.6261712711836476,0.5751712711836108,-0.07482872881637237
1.7211844251026072,0.3957720984781799,-0.10745232669152187
2.1528564349725814,0.5347401740901871,0.18763318279611702
2.31919860619596,0.4077715854132832,0.21726748850869665
2.4186277309903197,0.23096875535686026,0.18869593586366576
2.814813733659746,0.3844860144283446,0.47381615545749406
2.967984199265385,0.342713969891872,0.5399225322553532
3.1634304859147067,0.4018237047281725,0.6777313817906844
3.147388102418175,0.314909036374497,0.6368922892094395
3.04348906331282,0.20797484418664355,0.542208471600852
2.92942157598427,0.15643843837601717,0.470217327327291
2.7018850428558197,0.05024273777257146,0.3142245474831994
2.429818098545171,-0.05245180786847645,0.13776411726242163
2.2295963229092233,-0.04933152791686765,0.05016503921327832
2.081447067388408,0.02344706738825109,0.02344706738832449
1.845535548179658,0.008463399005857852,-0.09103316812434412
1.5506094223892681,-0.08312067119718293,-0.27333659632803314
1.3454783827554508,-0.11887931216138084,-0.38286112187197036
1.360901979601734,0.017885117210045987,-0.29589377174125875
1.0238894402911352,-0.25659634058274555,-0.5908299679969352
0.9471930896422507,-0.3363278443140387,-0.6583110971490072
1.0381641527633971,-0.3162290660500331,-0.5921367431125641
1.1567252313828034,-0.33400453924361845,-0.5312131016071334
1.3493514265428461,-0.33632085422582453,-0.4256509952549396
1.6401350699847272,-0.28820595438170543,-0.24593313488856633
1.8018116922498653,-0.4027612869673118,-0.21225719006280738
2.0621249625897247,-0.4357587765277576,-0.0886517852337507
2.3941715054851143,-0.3964161678903391,0.10680825727930146
2.545556538745123,-0.5194434612549295,0.13055653874509698
2.73790933157488,-0.5667295261270037,0.21244952567853642
2.925972217110113,-0.5693732447379117,0.3142955036051819
3.147805351976711,-0.4784406598858342,0.4795784017174879
3.1265765833672226,-0.5639132184914996,0.43487862299547797
2.9342815482723994,-0.7514316892947799,0.2533611528722467
2.9964260369830495,-0.6177721045723034,0.359378787536647
2.952318356547285,-0.5303952058258522,0.3888436097166824
2.5020375065410305,-0.8000143652888796,0.03642713217502304
2.524211744628419,-0.5620790236196879,0.173707877447999
2.1485208323105143,-0.7033106501574857,-0.07784546418307575
1.8624948953466265,-0.7537838393175327,-0.2395151380554537
1.7583376737209253,-0.6389011005951315,-0.2279100811423028
1.1623781050784383,-1.0487393129633626,-0.7249133441739813
1.1247282986431537,-0.9472717013569212,-0.6874640802215537
1.2235348813444789,-0.767154685871048,-0.5428252842119048
1.0732920805801542,-0.9006767873222631,-0.6799016930003293
1.2196667194419357,-0.8044697101389573,-0.5541828185875164
1.3575847238854137,-0.7812636209744028,-0.46957732395123297
1.3715682792093562,-0.9397082699123376,-0.5381549962589813
1.578177423444846,-0.952395382341293,-0.43793713771238313
1.8778850744790125,-0.9047217067074921,-0.26139056822751944
2.12336014300528,-0.927567769176449,-0.14762543943103848
2.213161292518586,-1.1047242258173078,-0.1892615246793741
2.612018444661829,-0.9538123815631349,0.0872522794168854
2.8982745762691526,-0.8800444148106289,0.268478743697234
2.9428121782243193,-0.9984170227412703,0.23235871689587864
3.046110586323323,-0.9976159447541164,0.2847875322211225
3.14247403049426,-0.9365259695057401,0.36347403049425997
3.0402226075129337,-1.004503923564527,0.277899553410723
2.882557880357426,-1.0606713206082057,0.1701044190289645
2.867526233882033,-0.9137927571978075,0.2347304013100855
2.402492535490757,-1.1673382907344765,-0.12627362975432063
2.1706627004147387,-1.152222817921012,-0.23676011678315093
2.0388194949281173,-1.018108417253696,-0.23816608750824203
1.7824176061571486,-1.0071891750294386,-0.36385803654942345
1.6396083986268768,-0.8989644071593456,-0.3845061625303901
1.1966825892642674,-1.1235939598576494,-0.7220406862041799
1.358555799202693,-0.7902925456570569,-0.4786062486339187
1.068009996356129,-0.9671264332247804,-0.7168395416733331
1.0385058909645202,-0.9474629769378915,-0.7266878826159622
1.076147947383837,-0.9275416198316895,-0.7032122181725404
1.2507099205873067,-0.8352900794126218,-0.5754824582773254
1.429843213141298,-0.7962742049004692,-0.4724482361110979
1.5856348194903573,-0.8276039548256219,-0.4166129353728341
1.8380925899788634,-0.7951861446852267,-0.2809174434231796
2.1203192852862554,-0.7495121971816737,-0.12404701120729661
2.156838857419632,-0.9484519108281873,-0.21266500976064123
2.70126482514481,-0.6207870466850403,0.21565445077883566
2.858901240890634,-0.6448123214824365,0.27442649406006214
3.1705337412250634,-0.46566440033025996,0.5114864917786792
3.0570639125052392,-0.6516493250619684,0.3531435171050694
3.0151171149066522,-0.6993726869520821,0.2994191545349052
3.0039264002040804,-0.6473196116584978,0.31069944994484466
3.1061557177082624,-0.415189744139816,0.46847900420330835
2.8078007610568236,-0.5238380966451311,0.25534095516044836
2.6285066043822622,-0.4644933956176531,0.18550660438230124
2.3840230151490127,-0.43556465822677765,0.06765976694304321
2.0935235742186755,-0.43436016489890195,-0.08725317360484312
1.5122666333464045,-0.7233063458708917,-0.5328022489663158
1.558886701448828,-0.4014543229176631,-0.3591815034244983
1.3703705994234958,-0.3483016813450861,-0.4376318223742409
1.17543469886975,-0.3492950717567007,-0.5465036341202052
1.2671895084620621,-0.1222037103514042,-0.39811138741391267
0.9767801327594583,-0.3427408011968741,-0.6647240540318082
1.171797485934196,-0.1456882949396201,-0.47992192235383735
1.2235420435443225,-0.15747481884745393,-0.47125370779870973
1.3323612669602551,-0.17099642795650666,-0.4349782376671351
1.633290708319524,-0.040439385266872276,-0.23065531039774523
1.774036194936352,-0.10403595423738543,-0.20353252136761413
2.1684546653548984,0.06845466535503486,0.06845466535496646
2.3306651609900944,0.00873731016384624,0.1082338772940753
2.70742855900645,0.18115865259288605,0.3713745777237387
3.013006306073048,0.3163640009898422,0.5803458107004538
2.835487359644738,0.016504222036510058,0.33028311098777596
2.960642410333502,0.07812819120738979,0.4123618186215706
3.0896093667361577,0.20913030069246435,0.531113553527419
3.193500330379484,0.3828935491929412,0.6588012262554538
2.8118482233259297,0.1365779939523604,0.33378655631587406
2.68708996251892,0.20576224328744658,0.2950923843166366
2.595075659914602,0.3554166842808343,0.31314386478780626
2.274084194789751,0.3096571740069814,0.11915307710244558
2.1022718027549776,0.4301555418724883,0.08304855057847006
1.7150667829977757,0.3346544563732814,-0.16856996879639016
1.6593399583031374,0.5523399583032136,-0.09766004169682194
1.6099454010275882,0.7415842587293291,-0.03759479307613689
1.1246123050791625,0.445957766927221,-0.4377109814158939
1.2199711088502043,0.6712171207127501,-0.2868019408905699
1.017482392907371,0.5319721947661067,-0.4668196467208819
1.0096069616868888,0.5183201992540499,-0.4864726429129652
1.3436681674924928,0.7798663090479327,-0.1972845830610587
1.4509382180205463,0.7546517803936486,-0.16458703514886655
1.5332557138805123,0.6553075857103821,-0.1811339117534982
1.8420836494348896,0.7473744176829713,0.011587516615293579
2.0803388139844987,0.7501702964524539,0.12470511047806843
2.216420445594535,0.6496991802586675,0.13543047899659866
2.5334635613360277,0.7467023356520293,0.3357113161992348
2.890599316479044,0.9167167345208272,0.5928907657314519
2.8299083642839977,0.7159083642840625,0.45610074314869753
3.1788584196434657,0.9825479868589907,0.7582185851998459
3.203099003856064,0.9890678717584885,0.7682927774365487
3.0963839407438214,0.9315203703247087,0.6812334787732754
3.0427962441142933,0.9916445889740116,0.6799582919508921
2.6823481739420765,0.8026247230637935,0.4010714494104266
2.634017888619401,0.9725906944055778,0.4581324497766473
2.4853695757858048,1.0749763569723436,0.4316452184923547
2.0577038167934965,0.9146317289752673,0.13468939922983464
1.927376419772108,1.050261938107817,0.1347992369699765
1.5327434236727848,0.9025742498977802,-0.13849041108225543
1.4098709087220076,0.9911898998018182,-0.15733325870605977
1.1812526719998349,0.924481872965443,-0.3062938666717149
1.2314468577349968,1.0761733888124467,-0.20623008816279775
1.0989228256520205,0.9779228256520204,-0.32207717434797956
1.1088292755799394,0.9525558066574493,-0.3298476703178254
1.2073585185545308,0.9485877195201421,-0.28218802011701755
1.3375506443573475,0.9158696354371623,-0.23265352307071824
1.6400071670312826,1.0058379932564805,-0.035226667723656666
2.077768484689194,1.1956540030249094,0.28019130188706515
2.0828887033200814,0.9338166155020865,0.153874285756536
2.2453005211336454,0.8279073023201983,0.1845761638401994
2.614870676437233,0.9454434822234172,0.4309852375944825
2.6528319480348386,0.7641084971567225,0.3625552235032712
2.9390394188802405,0.8778877637399642,0.5662014667168409
3.1240493181903397,0.948185747771302,0.6978988562198267
3.1714691910149075,0.9454380589173363,0.7246629645953933
3.062396403979594,0.8530859711951216,0.6287565695359741
3.1051769155310165,0.9771769155309692,0.7173692943956588
2.8004217462779386,0.8115391643197235,0.4877131955303462
2.7729718909480203,0.9702106652640387,0.5592196458112295
2.429809455126095,0.8460881897902282,0.3318194885281575
2.017974462672757,0.6698059451407133,0.044340759166325905
1.9635822209251488,0.8498729891730118,0.11408608810544177
1.518948688174058,0.6210005600039294,-0.2154409374599535
1.271635538340066,0.5543491007131711,-0.3648897148293472
1.4208472713427402,0.8350454128980906,-0.14210547921086447
1.132089276231198,0.617802513798365,-0.38699032836865477
1.1606831165017697,0.6511729183605123,-0.34761892312648185
0.9089985854494431,0.33524459731199735,-0.6227744642913289
1.2750352711686823,0.5703807330167504,-0.3132880153263715
1.4181765330076623,0.5228153907095748,-0.2563636610959792
1.6953233611484744,0.5603233611485869,-0.08967663885147645
1.945890941943406,0.5364786153191438,0.03325419014935389
2.1478351542488716,0.44571889336642057,0.09861190207237305
2.3679232282411076,0.37249620745835066,0.18199211055380604
2.679897179314533,0.4082382036809746,0.36596538418783947
2.8359886463813817,0.32166092715010774,0.41099106817918757
2.966957733955574,0.25768750458212947,0.4548960669455784
2.944559931151051,0.0989531499645176,0.37486082702702267
2.9944148776955966,0.07793581165191177,0.3999190644868595
3.3417788603359364,0.4222646412097727,0.7564982686239766
2.866975081033023,0.009991943424800864,0.3237708323760611
3.0031150779064246,0.26747277282306353,0.5314545825337502
2.604137354069261,0.03786744765570118,0.228083372786549
2.392027253488174,0.02909940266193079,0.12859596979215515
2.1713478469197,0.029347846919613247,0.029347846919653916
1.9788428736222743,0.057770724448541054,-0.041725842681692354
1.5137561064884335,-0.2039739870981554,-0.3941899122289348
1.6194904436070416,0.07113274869028523,-0.1928490610203485
1.4364194182654089,0.009402555873638418,-0.30437633307762313
1.1982852111909588,-0.16620056968290858,-0.5004341970971028
1.2240118020799922,-0.14350913187633163,-0.4654923847112725
1.0231936456416835,-0.4151995731717732,-0.6911072502342891
1.3355499588485285,-0.23917981177791134,-0.4363883741414236
1.3261871960637415,-0.4434850847048022,-0.5328152257339869
1.75701241655278,-0.25532860781350153,-0.21305578832044392
1.730632830133636,-0.5579401490836213,-0.3674360521790749
2.182142707200158,-0.39974103191740695,-0.05263404062335691
2.4876579602201345,-0.38692971315539826,0.11629471201428407
2.7395300419727273,-0.40946995802717584,0.24053004197277028
2.925120766366633,-0.46351809133515004,0.31566096047034137
2.9752682307345673,-0.6040772311135013,0.279591517229616
3.1371023608111575,-0.5731436510514124,0.3848754105519238
3.241414127072786,-0.5330756747859415,0.4657161667010403
3.1050835228636906,-0.6646297147035115,0.3401631274635216
2.8577776805066937,-0.84042046104874,0.1367304310602521
2.824832450823431,-0.741881111549637,0.1773577039928585
2.5529350248113993,-0.8331168470184493,0.003324650445423946
2.3069866438441227,-0.8633041244039152,-0.12751722333626161
2.0797689029557134,-0.8560625795124244,-0.2305973935379497
1.7492140176484592,-0.9510647170158502,-0.436796015753695
1.486806601536471,-0.9944321727795077,-0.5834411533267219
1.560149592420704,-0.7349678256210616,-0.41114185683169224
1.2940010525370889,-0.8619989474629514,-0.6021913263276002
1.2586592158369343,-0.8160303513785888,-0.5917009497194423
1.108193122662581,-0.949775745239827,-0.7290006509179008
1.0766352923336286,-1.0315011372472758,-0.781214245695832
1.1624915848975401,-1.0603567599621933,-0.7486704629390675
1.4274952919898354,-0.9677812571319148,-0.5662279834785298
1.630391845108105,-0.9841809606781025,-0.4697227160491579
1.851541823323448,-1.0150649578629052,-0.3717338193830099
2.222840094035721,-0.9120878181460856,-0.13214548840063567
2.2927562787752307,-1.109129239560513,-0.19366653842265552
2.4833237344829007,-1.1665070917421307,-0.12544243076207662
2.92925240116953,-0.9330665899103063,0.21545656859758414
2.9201560403378943,-1.1050731606277346,0.1257025790094339
3.1167444772991413,-1.0109820537783176,0.2714214231969314
3.180384890930709,-0.9826151090692915,0.31738489093070843
3.0166113881350274,-1.112115142942472,0.17028833403279714
3.092413404093855,-0.9348157968717382,0.29595994276541243
2.8477731152663797,-1.0175458758134062,0.13097728269445916
2.7303120832970404,-0.9235187429281306,0.11754591805199474
2.4905418803960133,-0.9163436379398873,-0.0008809368019499636
2.2245493275472805,-0.9163785846346825,-0.13643625488915434
1.9534229868267543,-0.9201837943597573,-0.2768526558797806
1.881466710253985,-0.7411060955321607,-0.22664785090324663
1.7116178980937735,-0.6926586510280872,-0.2911053773746466
1.1665254054115342,-1.0663229394482885,-0.7546366424251146
1.0720313935700576,-1.0471050360108989,-0.796818144459425
1.0329813092655873,-1.036987558636834,-0.8162124643148971
1.1993525365252988,-0.888337030690244,-0.6640076290310875
1.243626067260369,-0.9263739327395942,-0.6665663116042814
1.3262279634665215,-0.9838894545751353,-0.6600634857858203
1.7511177137410825,-0.7461210605747782,-0.33513004112204614
2.0078733284535164,-0.7094054062106434,-0.19513670494856267
2.1331905192394283,-0.8206409632285728,-0.19517577725416085
2.421453728260753,-0.7678370399871354,-0.03205013891955605
2.5679158700990516,-0.8381360017308603,-0.001694504266955027
2.8314767154937837,-0.7562368468791952,0.16300196866326228
3.0765372866982297,-0.6436608548571271,0.3334900372518272
3.0916211477359643,-0.7010920898312204,0.30370075233581084
3.231718941501012,-0.566770860357717,0.432020981129266
3.1080456946539234,-0.6272003172086297,0.3308187443946986
3.0797982404687065,-0.5255472213793281,0.35812152696377264
3.0208488919020158,-0.3947899657999028,0.38438908600566435
2.816816492435347,-0.36018350756471773,0.28981649243531693
2.5996165012221315,-0.30397117215355396,0.19925325301620503
2.187736593201459,-0.4241471459160355,-0.07704015462201981
1.9123607388935384,-0.40721224032365166,-0.2167081434191384
1.3950975949512292,-0.6492434294152153,-0.6069706099220675
1.5661396315742118,-0.23653264919447076,-0.32586279022357745
1.3181730262621139,-0.290556744364433,-0.48776530672788326
1.1475897477352601,-0.32580347107817975,-0.6017111481407035
1.0529840014007839,-0.35053693255554197,-0.6725201853904814
1.3266502710907155,-0.0748355097831139,-0.4090691371973267
1.2537312041641866,-0.21128565822750764,-0.5250645471788066
1.4143705021800592,-0.1729871927366174,-0.43696900244728204
1.6766829893986455,-0.08104710418780983,-0.27126302931865515
1.7641201078547846,-0.19795204131901972,-0.297448608449217
2.190757557889095,0.006757557889161424,0.006757557889125756
2.2718890863078456,-0.13403876451824906,-0.034542197388098383
2.565648092085166,-0.04462181432828906,0.1455941108025155
2.901078028837276,0.12043572375402271,0.3844175334646559
3.0585977337384755,0.15561459613021617,0.46939348508149575
2.72233463615474,-0.24417958297138526,0.09005404444280002
3.0534630693018263,0.08898400325813965,0.41096725609308893
3.1628034960161426,0.26819671482953955,0.5441043918920883
3.095181432277434,0.33591120290388254,0.5331197652673936
3.12638102577334,0.5610533065419272,0.650383447571085
2.714588262877726,0.3909292872440567,0.3486564677509693
2.6891061867556267,0.6406791659729371,0.45017506906835936
2.2721250890649647,0.5160088281823307,0.16890183688838295
1.7199318947629925,0.2555195681385525,-0.2477048570311407
1.7076054831008636,0.5166054831008153,-0.1333945168991595
1.588846724283643,0.6364855819854438,-0.14269346982005382
1.2995945080878228,0.5369399699359252,-0.3467287784072134
0.9750966382080599,0.3423426500706314,-0.6156764115327028
1.2612097014131376,0.6916995032718564,-0.3070923382151187
1.206424211211097,0.6311374487783024,-0.37365539338873643
1.216491920922975,0.5686900624783815,-0.4084608296305949
1.5156925730093649,0.7354061353824178,-0.183832680160074
1.6743830516975218,0.7124349235273302,-0.12400657393652062
2.014211902129075,0.8355026703770689,0.09971576930943941
2.2115857268529875,0.7974172093210977,0.17195202334663343
2.270151661058988,0.619430395723254,0.10516169446112242
2.675363381208583,0.8046021555245382,0.3936111360717609
2.8881838366444117,0.8303012546861444,0.5064752858967931
3.153016331890207,0.9550163318902368,0.6952087107548882
3.1374780987328434,0.8571676659483974,0.6328382642892412
3.1876008779191336,0.8895697458215495,0.668794651499617
3.1606196221243352,0.9117560517052449,0.6614691601537995
3.200699748213979,1.065548093073738,0.7538617960505971
3.0208283323692315,1.0571048814910142,0.6555516078376109
2.975870136853743,1.230442942639783,0.7159846980109228
2.524207923729185,1.0298147049155797,0.38648356643566223
2.1062149922147855,0.8791429043966278,0.09920057465116068
1.8699883865745517,0.9088739049103358,-0.006588796227542798
1.5979342824284308,0.8837651086534939,-0.15729955232657558
1.279616070039821,0.7769350611196861,-0.3715880973882195
1.2864001520337733,0.9456293529993066,-0.285146386637814
1.2137528512133497,0.9744793822908183,-0.30792409468443527
1.1750400556775864,0.9700400556775864,-0.3299599443224136
1.1218955844797756,0.8816221155572651,-0.40078136141799947
1.3027559924037213,0.9599851933692939,-0.27079054626784627
1.4377190702432938,0.9320380613232147,-0.2164850971847186
1.8468276501931946,1.12865847641833,0.08759381543822328
2.106256699567762,1.1401422179036222,0.22467951676570605
2.2756740950784513,1.042602007260378,0.2626596775148671
2.502390608773881,1.0009973899603513,0.35766625148039655
2.739775346833837,0.9863481526199522,0.47188990799105224
2.638033639267613,0.6653101883894506,0.2637569147360206
3.2363462767753632,1.091194621635171,0.7795083246120036
3.1779680645800155,0.9181044941609546,0.6678176026094914
3.4108699171027324,1.1008387850051584,0.8800636906832178
3.321500548140951,1.0281901153564956,0.8038607136973409
3.1120747554337234,0.900074755433711,0.6402671342983841
3.0024030969295263,0.9295205149712158,0.6056945461818828
2.839158822701237,0.9523975970171208,0.5414065775643802
2.498521093103012,0.8307998277672148,0.31653112650511045
2.0619619042250137,0.629793386693042,0.004328200718619696
1.9420448484246768,0.7443356166726091,0.00854871560500569
1.587060707517307,0.6051125793470628,-0.23132891811676656
1.5185704058434077,0.7172839682164013,-0.2019548473260598
1.2537241908584504,0.5839223324138338,-0.39322855969513637
1.2959324650965685,0.69764570266375,-0.30714713950327555
1.1616339607775537,0.5681237626362907,-0.43066807885069897
1.3858348959979536,0.7280809078605641,-0.22993815374279553
1.3452526317242963,0.5565980935724342,-0.327070654770721
1.4734508617159205,0.49408971941779717,-0.28508933238774453
1.5911253308141335,0.3721253308141497,-0.2778746691858561
2.052968487470946,0.5595561608466039,0.05633173567685573
2.1137452952330618,0.3276290343505026,-0.01947795694348123
2.4422199756107545,0.3627929548281628,0.1722888579235295
2.690778821168333,0.3351198455347283,0.29284702604161017
2.7148953978095633,0.11656767857822858,0.2058978196073406
3.0056515773684906,0.21238134799500144,0.4095899103584747
3.2321788233778066,0.30257204219124656,0.5784797192537667
3.234644753148673,0.23416568710500935,0.5561489399399403
3.116312131063985,0.11279791193783471,0.44703153935203416
3.0429567836753475,0.10197364606707172,0.41575253501835263
3.1208690671831194,0.30122676209980576,0.5652085718104709
2.6436025634293023,-0.006667342984198521,0.18354858214662167
2.57191055675341,0.12498270592723311,0.22447927305742602
2.293222899152831,0.0672228991528136,0.06722289915282152
1.9450815564328598,-0.059990592740997745,-0.1594871598711755
1.672962958562773,-0.12876713502375622,-0.31898306015456324
1.3482743371906558,-0.2840833577260533,-0.5480651674367086
1.3527536029211662,-0.1582632594705729,-0.4720421484218481
1.2576474297498144,-0.19083835112401204,-0.5250719785382331
1.270765555571046,-0.18075537838525693,-0.5027386312202147
1.2447716676028828,-0.27762155121054155,-0.5535292282730717
1.2486915626590165,-0.4100382079674679,-0.607246770330956
1.6018200291040279,-0.25185225166460307,-0.34118239269373407
1.6570919019652683,-0.4392491224010858,-0.3969763029079899
2.065352726913495,-0.307220252303623,-0.11671615539914447
2.038285780854941,-0.6275979582624537,-0.2804909669684946
2.4178595467964654,-0.5407281265791472,-0.03750370140942304
2.8266494769942194,-0.4063505230057558,0.24364947699422818
2.940498951950421,-0.532139905751422,0.24703914605410116
2.955238432709597,-0.708107029138402,0.17556171920468228
3.1136523414879167,-0.6805936703745972,0.27742539122870563
3.1276579498584116,-0.7308318520003209,0.2679599894866653
3.1747329961038284,-0.6789802414633592,0.32581260070366813
3.1631580754837345,-0.6190400660716657,0.3581108260373113
2.8665386349319726,-0.7841749274410461,0.13506388810142622
2.706305291941659,-0.7637465798883057,0.07269491757562113
2.623352251641156,-0.6309385166068127,0.10484838446080758
2.348197349222045,-0.6716341332460208,-0.04616894727158097
1.851865868671157,-0.9324128659930824,-0.41814416473096094
1.8282096540131776,-0.7370291203027384,-0.3260381008499824
1.4479040443818574,-0.9312133736600037,-0.6073874048705902
1.458710540660533,-0.7812894593394584,-0.521481838204135
1.2345197363415585,-0.9241698308739936,-0.6998404292148357
1.1863196849716935,-0.9556491829307299,-0.7348740886087912
1.3808816956648056,-0.8112547339161207,-0.5609678423646648
1.3979074616206348,-0.9089408832391497,-0.5972545862159943
1.4966406903411977,-0.9826358587805992,-0.5810825851271928
1.7418102591429594,-0.9567625466431189,-0.44230430201423804
2.027690305133287,-0.922916476053142,-0.27958533757320847
2.3647087806119664,-0.8542191315699182,-0.0742768018244289
2.6407262294825014,-0.8451592888533174,0.07030341228457807
2.877304786815282,-0.8565260394098123,0.18453862157027248
2.9114054669193448,-1.034913524160385,0.1136096343474528
3.1394685600479755,-0.9697606409175763,0.2610150987195532
3.361629798421305,-0.8500967326561742,0.43230674431908483
3.139139245068739,-1.107860754931261,0.19213924506873908
3.275981405848963,-0.9367451252285163,0.3456583517467429
3.0456896520890258,-1.0655395488766422,0.16523619076054574
2.956061806137121,-0.9932571849427738,0.15526597356514688
2.5937283366857855,-1.1441024895393141,-0.10303782855922605
2.7157719482169473,-0.7751135701188775,0.1403491310190218
2.309492808917207,-0.9154351032646775,-0.13549277351918876
1.951023109797624,-1.006583671389039,-0.3632525329089849
1.802153613996873,-0.9044191917894097,-0.3899609471604252
1.4995187531543728,-0.9887577959674412,-0.5872045223140219
1.3687454070932288,-0.9481029377665533,-0.6364166407434007
1.5603085565753345,-0.6428278730055881,-0.3925409814541356
1.1866587854367587,-0.9673100824656594,-0.7465349881437249
1.2282743992776421,-0.9434151679378582,-0.7190857662787238
1.3691737434132,-0.8848262565868124,-0.6250186354514715
1.4143683327124896,-0.9797490853292178,-0.6559231165398787
1.6834943916241656,-0.8977443826917572,-0.4867533632389951
1.8469789120196702,-0.954299822644559,-0.4400311213824446
2.263401779018876,-0.7744297034489696,-0.14896451747463654
2.4734906647977954,-0.7998001034501807,-0.06401320238255315
2.8145751133388464,-0.6754767584909304,0.16096473897290592
2.936936084877063,-0.734777477495965,0.1844613380465157
3.059627553394228,-0.7445705881611617,0.23258030394780776
3.3100991774437896,-0.56661406012341,0.4381787820436271
3.2922792110259063,-0.5902105908328393,0.40858125065415707
3.217430277744612,-0.6018157341179748,0.3562033274853686
3.0797868207360555,-0.6095586411120726,0.2741101072310801
2.998305533559021,-0.5013333241428133,0.2778457276627029
2.8017584881877498,-0.45924151181224293,0.1907584881877539
2.517931805429257,-0.4696558679463731,0.0335685572233642
2.3106041160982356,-0.38527962301942986,-0.03817263172532319
1.887314677751879,-0.5162583014654765,-0.32575420456087445
1.8422522305545779,-0.28608879381179414,-0.24381597431868463
1.7283612113398161,-0.1583110694288057,-0.24764121045794454
1.5737790500195608,-0.11895072060691433,-0.3161592829704106
1.380649799520347,-0.1767434192931528,-0.4526510963556402
1.249143104403245,-0.2383778295530742,-0.5603610823880188
1.4298525082815814,-0.05563327259228837,-0.3898669000064743
1.3978386554391027,-0.15117820695262327,-0.46495709590390855
1.741107438338516,0.06974974342179215,-0.1942320662888509
1.9459216664880317,0.10419157290168558,-0.0860243522292079
2.0365280024957606,-0.009544146677891042,-0.10904071380816668
2.219235789831737,-0.04876421016829465,-0.04876421016827485
2.4857142679304465,-0.004213582895715176,0.09528298423446695
2.695328774651959,0.0010588682384444215,0.1912747933692766
2.8593192354688757,-0.005323069614424553,0.25865874009623024
3.0905751212443833,0.10359198363620606,0.41737087258744254
3.302299241271381,0.2517850221452149,0.5860186495594271
3.3990709866646114,0.35059192062093164,0.6725751734558756
3.2596205443961392,0.2810137632095628,0.5569214402720963
3.0922003826709954,0.24893015329751522,0.44613871566098023
2.773986915119536,0.1246591958879959,0.21398933691722338
2.9998042144892922,0.5921452388556693,0.5498724193625649
2.707754709061155,0.5753276882783004,0.3848235913738113
2.2818924129788782,0.4417761520963266,0.0946691608023357
1.9092143108573068,0.36080198423294657,-0.1424224409367884
1.73793410508363,0.4629341050836541,-0.18706589491635864
1.435834637981367,0.3994734956832273,-0.37970555612230195
1.3936597407344031,0.547005202582412,-0.3366635457606746
1.2489886209884233,0.5322346328509613,-0.42578442875235784
1.2964361660270276,0.6429259678857516,-0.3558658736012276
1.2657527488187894,0.6064659863859804,-0.39832685578105265
1.5860125766227544,0.8542107181781273,-0.12294017393083373
1.6111807875563018,0.7468943499294461,-0.1723444656130869
1.7706498282452416,0.7247017000751856,-0.11173979738873435
1.9990509992302299,0.7363417674781539,0.000554866410557811
2.1616968627330957,0.6635283452011338,0.03806315922670432
2.456151083337737,0.7214298180019327,0.20716111673983484
2.83038759150219,0.8756263658182635,0.4646353463654306
2.963722461858008,0.8218398798998516,0.49801391111044413
3.1545947176771896,0.8725947176771702,0.6127870965418494
3.1682169131382154,0.8039064803537656,0.579577078694606
3.266720809114446,0.8846896770168645,0.6639145826949296
3.227596110106534,0.8947325396874068,0.6444456481359787
3.1926769831137327,0.9735253279734082,0.6618390309503115
3.1527794702941145,1.1050560194159447,0.70350274576252
2.873560884990017,1.0441336907761252,0.5296754461472302
2.7783393368052876,1.1999461179917583,0.5566149795118026
2.280446227305246,0.9693741394871667,0.18943180974166016
2.026509231941606,0.9813947502772402,0.0659320491394377
1.9271679040598826,1.1289987302850129,0.08793406930490952
1.5122822675685057,0.9256012586482617,-0.22292189985958866
1.4030210539939687,0.9782502549595404,-0.2525254846775996
1.3769716495211728,1.0536981805986616,-0.2287052963766022
1.2673755690679807,0.9783755690679805,-0.3216244309320194
1.3113819120667656,0.9871084431442355,-0.29529503383101896
1.3520451006260972,0.9252743015917468,-0.3055014380454324
1.6037678654806267,1.0140868565604924,-0.13443630194741324
1.7013954245748881,0.8992262507999562,-0.14183841018011656
1.8901750010878224,0.840060519423607,-0.0754021817142713
2.323280495410294,1.006208407592149,0.22626607784667235
2.705493118658534,1.120099899845155,0.4767687613651229
2.6588874764870023,0.8214602822732467,0.307002037644283
3.0820856147609357,1.0253621638827166,0.6238088902293154
3.356834485562062,1.1276828304218185,0.8159965333986804
3.136571652549655,0.7927080821305834,0.5424211905791233
3.331298880413226,0.9372677483156489,0.7164926539937106
3.5226861912973493,1.1453757585128643,0.921046356853721
3.1461837071233596,0.8501837071233818,0.5903760859880386
3.1675893265858086,1.0107067446275488,0.6868807758381916
2.946027591158577,0.9752663654745234,0.5642753460217527
2.574475941100403,0.8227546757644564,0.30848597450242815
2.41001295545979,0.8938444379276806,0.26837925195332313
1.919615073235833,0.6379058414838344,-0.09788105958380233
1.5288110417623963,0.4628629135922139,-0.3735785838716449
1.4907115889573397,0.6054251513303823,-0.31381366421210183
1.5097764329833663,0.7559745745386696,-0.22117631757025893
1.088156067836363,0.40586930540352184,-0.5989235367634973
1.375054780551088,0.6975445824098196,-0.3012472590771658
1.225142074686144,0.48338808654872945,-0.47463097505461593
1.4816605601671335,0.6090060220152277,-0.2746627263279039
1.4870104839504787,0.42364934165229545,-0.3555297101532145
1.676118450003092,0.37311845000325755,-0.27688154999682857
2.0031174899260664,0.4257051633016691,-0.0775192618680574
2.222967467932794,0.3528512070504049,0.005744215756330065
2.5070174873233144,0.3435904665406167,0.15308636963604616
2.6674295351763653,0.22777055954268813,0.18549774004960826
3.0767039729264463,0.39437625369521223,0.483706394724276
3.078137863615745,0.20086763424223802,0.39807619660571386
3.2963843635462915,0.282777582359764,0.5586852594222701
3.3152775325749686,0.23079846653129824,0.5527817193662344
3.2328581767601463,0.1453439576340088,0.4795775850482038
3.3572447501254725,0.3322616125172285,0.6460405014684957
2.9124445873086504,0.008802282225411698,0.2727840919360327
3.024210398390507,0.2899404919768686,0.4801564171077596
2.7065484468303964,0.1756205960040957,0.2751171631343443
2.299477962721178,-0.010522037278770005,-0.010522037278794806
2.1448635078156206,0.05579135864182996,-0.04370520848837922
1.7470297530415182,-0.13870034054492314,-0.3289162656757805
1.581436445548518,-0.134921249368305,-0.39890305907890145
1.2757019710658577,-0.3193148913259354,-0.6330937802771899
1.2175634041770624,-0.314922376696779,-0.6491560041109821
1.4061740936377023,-0.12934684031860755,-0.4513300931535599
1.3272264295940033,-0.27916678921944704,-0.555074466281962
1.3511672916944737,-0.39156247893191487,-0.5887710412954571
1.5474343007458498,-0.39023798002265425,-0.47956812105185487
1.7033572305782343,-0.4769837937881658,-0.4347109742950529
2.11317686738632,-0.34339611183087837,-0.15289201492635793
2.250287544063325,-0.4995961950541774,-0.1524892037601547
2.6222103563772943,-0.4203773169981536,0.08284710817148236
2.792691288772539,-0.5243087112273118,0.12569128877261154
3.086550005587696,-0.4700888521141828,0.30909019969135276
3.191664305248769,-0.5556811565992738,0.327987591743834
3.2184899479286635,-0.6597560639338758,0.2982629976694414
3.2461294887645913,-0.6963603130941465,0.3024315283928438
3.52292111635751,-0.41479212120972175,0.5900007209573292
3.1099625835912326,-0.7562355579641138,0.22091533414483144
2.994464905214743,-0.7402486571583872,0.17899015838414234
2.9272482468268057,-0.6268036250030977,0.2096378724607998
2.5769444709431997,-0.7613462973046993,-0.02555939623711233
2.4309382428513397,-0.6728932396168812,-0.047428053642362356
2.1242521824761953,-0.7440265521879575,-0.22975785092588336
2.0057145791370194,-0.6435241951790314,-0.23253317572620705
1.5554084327630153,-0.9077089852787955,-0.5838830164894061
1.5485747148589415,-0.7754252851410289,-0.5156176640057105
1.4037925975138792,-0.8388969697016565,-0.6145675680425059
1.2843471099644124,-0.9416217579380016,-0.7208466636160706
1.3976895981811643,-0.8784468313997147,-0.6281599398482851
1.383208263211571,-1.0076400816481303,-0.6959537846250189
1.5847483539943268,-0.9785281951275268,-0.5769749214740915
1.700630050025987,-1.0819427557601595,-0.5674845111312441
2.043988873262,-0.9906179079245043,-0.3472867694445324
2.4918243527175115,-0.8111035594642172,-0.031161229718807082
2.559746887995306,-1.010138630340369,-0.09467592920254542
2.952935023411463,-0.8648958028136986,0.1761688581664201
2.980378799489456,-1.049940191590329,0.09858296691753647
3.113124680624226,-1.0801045203413646,0.1506712192957844
3.187648725263584,-1.1080778058138556,0.17432567116138328
3.3168425778495987,-1.0141574221504013,0.28584257784959877
3.160514919449644,-1.1362116116278165,0.14619186534743342
3.1282799984195235,-1.0669492025461054,0.16382653709106307
3.0979199496908776,-0.9353990413889623,0.21312411711893073
2.8614084301003166,-0.9604223961249169,0.08064226485523915
2.7620713138618687,-0.8128142044741007,0.10264849666387052
2.1882633960403717,-1.1206645161414415,-0.34072218639598717
2.1318372801262364,-0.9097695010603438,-0.26643836258033393
1.9102321777682447,-0.8803406280179698,-0.36588238338902
1.4340309740021908,-1.1382455751195573,-0.7366923014661745
1.6728155790440427,-0.7280327658158224,-0.4163464687926257
1.3042735144513724,-0.9828629151295393,-0.7325760235780897
1.412464349952441,-0.8255045179499867,-0.6047294236280447
1.363269683127294,-0.8924198840882231,-0.6680904824290814
1.3437486245306047,-0.9942513754694424,-0.7344437543340854
1.532458596477259,-0.9456588215643531,-0.6218328527750583
2.0187007212349997,-0.6465380530809857,-0.23554703362819346
2.0959081019863466,-0.78937063267775,-0.2751019314156981
2.34698669579513,-0.7748447866727874,-0.14937960069841957
2.735534543720457,-0.6217562245275889,0.11403067654007187
2.871607670180902,-0.7024442016489366,0.133997295814929
3.153330277714501,-0.6023832846585763,0.31685553088392754
3.319272281424524,-0.5689258601308065,0.4082250319781378
3.305868080815945,-0.6548451567512105,0.3499476854158029
3.299546461092326,-0.6669433407664144,0.3318485007205778
3.3788056501788706,-0.5244403616836909,0.43357869991963816
3.189070185658673,-0.5842752761894343,0.29939347215371354
3.1567723599602844,-0.4268664977416755,0.3523125540639086
2.9166076848307543,-0.4283923151693627,0.22160768483069462
2.4256170790158684,-0.6459705943596818,-0.1427461691899864
2.365204970209759,-0.41467876890779803,-0.06757177761375498
1.9965083801179195,-0.49106459909935607,-0.3005605021947961
1.8978475415196077,-0.31449348284688894,-0.2722206633537191
1.5953888025375784,-0.37528347823117053,-0.46461361926023975
1.5588460562177753,-0.21788371440868193,-0.41509227677218086
1.344132406718841,-0.2972608120946323,-0.5731684891571349
1.3076181053799998,-0.2639028285763128,-0.5858860814112629
1.4400153617823377,-0.12947041909148627,-0.4637040465056972
1.593479636334545,-0.03953722605712688,-0.35331611500843285
1.494040302880407,-0.26131739203636406,-0.5252992017469855
1.630845435277186,-0.2948846583092197,-0.48510058344008555
1.7795792566595092,-0.35049289251420956,-0.4499894596444538
2.391384011882208,0.03938401188210722,0.03938401188215975
2.599933819482404,0.026005968656366743,0.1255025357864932
2.974100518561064,0.19583061214748979,0.3860465372783496
3.145443027740661,0.19680072265744603,0.4607825323680646
3.25325304485304,0.18226990724483128,0.49604879619608144
3.4032438581054625,0.2687296389792831,0.6029632663934997
3.4066256797189745,0.2741466136752737,0.5961298665102344
3.4241815072165194,0.3615747260299415,0.6374824030924818
3.505150128817091,0.5778798994435153,0.7750884618070345
3.178187494276921,0.4448597750454686,0.5341899160746424
2.76454393187246,0.2728849562389094,0.23061213674576675
2.661110026323954,0.44468300554120516,0.2541789086366533
2.4897188556041057,0.5656025947216111,0.21849560342759755
2.100776157120958,0.4683638304964585,-0.034860594673208414
1.757610898805173,0.39861089880504746,-0.251389101194885
1.9046927252461625,0.7843315829480826,0.005152531142521621
1.4130904436421643,0.4824359054902175,-0.40123284285289273
1.4396777617944048,0.6389237736569449,-0.3190952879463704
1.404375434499092,0.6668652363578214,-0.3319266051291623
1.2964433441971086,0.5531565817643224,-0.4516362604027172
1.339496745792673,0.5236948873480127,-0.4534560047609333
1.518023745347753,0.569737307720848,-0.3495015078216619
1.7574067423483708,0.6274586141782532,-0.20898288328563752
2.0094570817601327,0.6627478500082074,-0.07303905105946534
2.6187958729970973,1.0366273554652734,0.4111621694907791
2.637170666210424,0.8184494008745501,0.30418069961248595
3.001075134041843,0.9623139083578545,0.5513228889050514
3.079582116520448,0.8536995345622412,0.5298735657728578
3.246088861689689,0.8800888616897342,0.6202812405543843
3.2794159915897785,0.831105558805358,0.6067761571461869
3.3733319273208817,0.9073007952232908,0.6865257009013634
3.3267392914877956,0.9098757210686913,0.6595888295172512
3.3923157284373775,1.0891640732971044,0.7774777762739783
3.036115533716002,0.9043920828378883,0.5028388091844349
2.7239329161368446,0.8105057219228236,0.29604747729399244
2.5883311809019456,0.9259379620884842,0.2826068236084961
2.260436050977513,0.8653639631592838,0.08542163341385145
1.9753168528632457,0.8462023711989554,-0.06926032993888509
1.8144454303516686,0.9322762565768661,-0.1087884044032713
1.6731980588406072,1.0025170499202571,-0.14600610858754043
1.6081652210819182,1.099394422047527,-0.131381317589631
1.445792107406643,1.038518638484093,-0.2438848384911514
1.2870801942285444,0.9140801942285441,-0.3859198057714558
1.6087653025300583,1.200491833607508,-0.08191164336773626
1.4844822937347777,0.9737114947003884,-0.2570642449367711
1.7314509954739055,1.05776998655372,-0.09075317195416044
2.0804354844737625,1.1942663106989602,0.15320164971882286
2.070328170896474,0.9362136892324084,0.020750988094453998
2.3768665830917293,0.9757944952735003,0.19585216552806817
2.8072016191086306,1.1378084002951763,0.49447726181518253
2.788288018529029,0.8668608243152135,0.35240257968627775
2.807441774598875,0.6667183237207701,0.2651650500673099
3.1950525357465116,0.8819008806063515,0.5702145835831695
3.4089933758942568,0.9811298054751627,0.7308429139237146
3.4742405220233974,0.9962093899258173,0.7754342956038813
3.428335870144774,0.9670254373602927,0.7426960357011527
3.2036577698008175,0.8236577698007752,0.5638501486654612
3.17585109426516,0.9349685123067898,0.6111425435174889
2.8317259999036737,0.7769647742196977,0.36597375476688415
2.610971057293086,0.7752497919572089,0.2609810906951471
2.2937360180432624,0.6935675005112254,0.06810231453683308
2.0426990996494796,0.6769898678973499,-0.05879703317022522
1.775262770220682,0.6253146420503639,-0.21112685541342566
1.6782967415625285,0.7090103039356405,-0.21022851160688297
1.5002119073905447,0.6624100489458814,-0.3147408431630621
1.3462024757396478,0.5799157133068207,-0.4248771288602041
1.5494692347630301,0.7879590366217564,-0.2108328048652248
1.4630492212007695,0.6372952330633885,-0.3207238285399719
1.5844000725456504,0.6277455343937239,-0.2559232139494026
1.5316684793157025,0.38430733701762043,-0.39487171478793825
1.7111937360918257,0.32419373609191926,-0.3258062639081291
2.0636526814927083,0.4022403548682061,-0.1009840703014585
2.307768244203275,0.35365198332105674,0.006544992026890906
2.5622343124561606,0.31480729167340915,0.12430319476885969
2.8157085319357615,0.29204955630223467,0.24977673680907336
3.1144146565661717,0.3480869373348768,0.43741707836397287
3.259241060809097,0.2979708314355456,0.4951793937990458
3.276115643130553,0.17850886194399965,0.4544165390065209
3.5355935468144266,0.3671144807707496,0.6890977336056913
3.438921284286393,0.2674070651602376,0.6016406925744351
3.5170178136113877,0.40803467600306115,0.7218135649543715
3.1354142733727666,0.1477719682895749,0.4117537780001743
2.7094686051350543,-0.10880130127852475,0.08141462385233861
2.6684867352207036,0.05355888439446983,0.15305545152468697
2.456932832063953,0.06293283206387554,0.06293283206390896
2.0884002839500533,-0.08467186522388999,-0.1841684323540208
1.9638654006617287,-0.0058646929246533586,-0.19608061805553834
1.8206198708499444,0.020262175933168577,-0.24371963377744946
1.4200800798674318,-0.2589367825243299,-0.5727156714755981
1.5670734689447439,-0.04941231192911519,-0.3836459393433158
1.2616896655151635,-0.3578312684411531,-0.6798145212761001
1.3930285979244446,-0.2973646208890047,-0.5732722979515263
1.648095958244107,-0.1786338123823536,-0.3758423747458497
1.9625515165991498,-0.05912076416941442,-0.14845090519858284
1.8037495453592998,-0.4605914790069762,-0.4183186595139235
2.0585662036126866,-0.4820067756043457,-0.29150267869991386
2.589289313514323,-0.24459442560323671,0.10251256569080865
2.6395360411980433,-0.4870516321774844,0.01617279299219336
2.994838079227109,-0.4061619207728138,0.2438380792271474
3.160890018883765,-0.47974883881817315,0.29943021298739414
3.2684367461013712,-0.5629087157465784,0.3207600325964774
3.3545917461200156,-0.6076542657425485,0.35036479586078295
3.3408710883964226,-0.6856187134622987,0.3131731280246782
3.335542398860385,-0.6861708387068324,0.31862200346021297
3.2648353458642414,-0.6853627956910713,0.29178809641785886
3.1581059782953083,-0.6606075840779132,0.25863123146465744
2.9401663270618674,-0.6978855447679746,0.13855595269589363
2.635176337523972,-0.7871144307240588,-0.05132752965641033
2.366706447107611,-0.8211250353605379,-0.19565984938605402
2.2069289390262767,-0.7453497956378061,-0.23108109437576552
1.845288467785174,-0.8879503065308141,-0.4769592870780199
1.7299531202969405,-0.8171642977448047,-0.4933383289554516
1.5718701714679197,-0.8361298285321154,-0.576322207396768
1.4750353251735084,-0.8516542420420695,-0.6273248403828968
1.476970665722506,-0.8329982021799112,-0.6122231078579777
1.3638089643779492,-0.9963274652029636,-0.7460405736515128
1.6551013133113772,-0.8197470315483545,-0.5080607345252304
1.7851826615072866,-0.8620938876144619,-0.4605406139610783
1.974973467150464,-0.8915993386355455,-0.3771410940067004
2.2797477662413637,-0.8388590149452166,-0.19552787646520647
2.4713058197680136,-0.9156220924137933,-0.13567976266834372
2.848533662657758,-0.8053518556779916,0.11011084545986988
2.8475550800477967,-1.0542757461772354,-0.013211085197181283
3.1175205952828065,-0.9967983957968696,0.15172476271094057
3.333145860792461,-0.9440833401731682,0.28669239946400027
3.3727598183176766,-1.0069667127597823,0.2754367642154667
3.3721475558724117,-1.0428524441275884,0.25714755587241167
3.4048696282981235,-0.9758569027793756,0.30654657419589354
3.2663015197133203,-1.0129276812523862,0.21784805838482138
3.1760379270947636,-0.9412810639850218,0.20724209452284365
2.9905984292453027,-0.9152323969798637,0.12583226400025843
2.8630649373942085,-0.795820580941686,0.11964212019624731
2.328918691337198,-1.0640092208445373,-0.2840668910991224
2.182292808816865,-0.9433139723698664,-0.2999828338897791
1.8951862872482352,-0.9793865185379191,-0.46492827390899744
1.680088858459276,-0.9761876906625864,-0.5746344170091443
1.6387404254464606,-0.8461079194133532,-0.534421622390186
1.4237107980362784,-0.9474256315446108,-0.6971387399931733
1.561171270509836,-0.7607975973925888,-0.5400225030706493
1.5211720049853161,-0.8185175622302306,-0.594188160571071
1.5834813720924577,-0.8385186279075106,-0.5787110067721941
1.638178247815666,-0.9239391702259961,-0.600113201436677
1.762296386382627,-0.9869423879334205,-0.5759513684805984
2.2778822154098988,-0.6913965192542675,-0.17712781799218202
2.4921769351915732,-0.7136545472764344,-0.08818936130201765
2.795969756367515,-0.6453210118803803,0.09046588918720408
2.8746316085911197,-0.7834202632386029,0.05302123422520908
3.1909183287839062,-0.6487952335892204,0.2704435819533066
3.3066535716302887,-0.6655445699250752,0.31160632218388423
3.4874430090308195,-0.5572702285363713,0.44752261363066503
3.4740047512934837,-0.5764850505652512,0.42230679092173673
3.427055910865348,-0.5601901009972698,0.39782896060609263
3.275724313870804,-0.5816211479772362,0.3020476003658693
3.2141493561202528,-0.45348950158164747,0.325689550223905
2.841272815908173,-0.587727184091872,0.062272815908147594
2.566516032874796,-0.5890716405009194,-0.08584721533113573
2.575080936044993,-0.2888028030727349,0.058304188221399114
2.3488482905359946,-0.22272468868122666,-0.03222059177668779
1.858717644236488,-0.437623380129936,-0.3953505606368044
1.5821013130295294,-0.47257096773913254,-0.5619011087682555
1.4670352794062336,-0.39369449122031963,-0.5909030535837643
1.789523680467349,0.06413046165384323,-0.2117772154086452
1.4608279224100325,-0.1946930115463009,-0.5166762643812342
1.5355962027496095,-0.11788957812422773,-0.45212320553843416
1.7047988372473373,-0.012218025144366096,-0.32599691409565834
1.6817312670422755,-0.15762642787454248,-0.4216082375851424
1.9201693351622482,-0.08956075842402014,-0.2797766835549568
2.004334661956006,-0.20973748721780808,-0.3092340543479981
2.4584906684476757,0.022490668447732686,0.02249066844770427
2.8035204649603003,0.14559261413419597,0.24508918126435386
2.8630842360388153,0.0008143296251824778,0.19103025475606988
3.301207369772231,0.2685650646889686,0.5325468743996087
3.3781014853799527,0.2231183477716844,0.5368972367229707
3.37133500834673,0.15282078922059691,0.48705441663478855
3.3675686706839874,0.15108960464029308,0.47307285747524846
3.457082197971804,0.31047541678528034,0.5863830938477835
3.322153228159215,0.3108829987856846,0.5080915611491794
3.2267517557467893,0.4094240365153705,0.4987541775445336
2.869622297338318,0.29396332170461753,0.2516905022115563
2.6493692215540987,0.3489422007711845,0.15843810386672136
2.3007244230760246,0.29260816219361274,-0.05449882910044396
2.2504660692601277,0.5340537426357078,0.030829317465999193
2.1349880795193417,0.6919880795193126,0.04198807951932254
1.6972777304932003,0.49291658819499545,-0.28626246361049756
1.7379355831645915,0.7232810450125748,-0.16038770333050217
1.3423514515163935,0.4575974633789589,-0.5004215982243705
1.4275940939081875,0.6060838957669226,-0.3927079457200654
1.4260772667806336,0.5987905043478329,-0.406002337819201
1.5700910750229782,0.6702892165783777,-0.30686167553059346
1.9156362732681145,0.8833498356413217,-0.03588897990124551
1.9073570019588477,0.6934088737886489,-0.14303262367519678
2.140622436909004,0.7099132051570095,-0.025873695910629817
2.46846213126479,0.8022936137328939,0.17682842775843444
2.7374837978087454,0.8347625324728019,0.3204938312107714
3.138354284235721,1.0155930585518669,0.6046020390989956
3.1803173525671986,0.870434770608926,0.5466088018195789
3.3946946246036718,0.9446946246036968,0.6848870034683519
3.4190008417617714,0.886690408977335,0.6623610073181712
3.426922597543236,0.8768914654456604,0.6561163711237209
3.4834282710890796,0.9825647006699276,0.732277809118514
3.352700700801361,0.9655490456611181,0.6538627486379792
3.2204958041544742,1.0047723532762465,0.603219079622852
2.8929024161983414,0.8954752219843897,0.38101697735552376
2.8621894188566093,1.115796200043223,0.4724650615631967
2.3739979316510467,0.8949258438328953,0.11498351408742354
2.18736061562011,0.9742461339558945,0.05878343281801618
2.0220830085533144,1.0559138347783779,0.014849173798308413
1.8022128964028759,1.0475318874825805,-0.10099127102524469
1.6932777363314166,1.1005069372970642,-0.1302688023401133
1.6398487827221182,1.1485753137995875,-0.1338281631756669
1.392741858957152,0.9357418589571522,-0.3642581410428478
1.4184108585980366,0.9261373896755263,-0.35626608729973835
1.4329760986542486,0.8382052996199342,-0.3925704400172627
1.6758846313119307,0.9182036223916904,-0.23031953611616246
1.9281239764123468,0.9579548026374772,-0.08310985834262619
2.1010735691853855,0.8829590875212447,-0.032503613616671645
2.512457531231428,1.0273854434133547,0.2474431136678433
2.7339872289152694,0.9805940101019589,0.33726287162189367
3.124705030034609,1.1192778358207258,0.6048195911918248
2.906443260997259,0.6817198101190876,0.28016653646566364
3.381721913981281,0.9845702588410796,0.6728839618179188
3.474525350808233,0.9626617803891755,0.71237488883771
3.3706868168529156,0.8086556847553448,0.5878805904334015
3.5433753825230077,0.9980649497385559,0.7737355480793979
3.3534650753544235,0.8894650753544162,0.6296574542190858
3.201886265014363,0.8770036830560426,0.5531777142667176
3.0971163419815047,0.9583551162975913,0.5473640968447477
2.737911183348643,0.8181899180126331,0.3039212167506338
2.410447157265571,0.7262786397336055,0.10081345375917844
2.07280669291197,0.6230974611599098,-0.11268943990769861
2.0194038493850766,0.7854557212148199,-0.050985776248999186
1.8353756916598196,0.7820892540329805,-0.13714956150956614
1.7395683816189234,0.8177665231742004,-0.1593843689347181
1.5255434306961413,0.6752566682633292,-0.3295361739037015
1.4993951257141584,0.653884927572902,-0.34490691391409267
1.4589018513858514,0.5491478632484451,-0.40887119835490104
1.4723827038689987,0.43172816571702843,-0.4519405826260746
1.9464571096182615,0.7150959673201196,-0.06408308448540748
1.9409513231083677,0.46995132310841353,-0.18004867689161663
2.1395167599412415,0.39410443331690365,-0.10911999185284911
2.3464434045624265,0.30832714368010017,-0.03877984761400205
2.619173017605532,0.28774599682270013,0.09724189991819268
2.9532878890423073,0.3456289134086818,0.3033560939155799
2.9981082511530723,0.14778053192174387,0.23711067295085067
3.281159967732808,0.2358897383593252,0.43309830072279293
3.523497625902769,0.34189084471627557,0.6177985217787606
3.4454339136730345,0.19295484762935056,0.5149381004642976
3.358532668517452,0.10301844939130929,0.4372520768055023
3.5538991093900796,0.3609159717817846,0.6746948607330812
3.208110193264975,0.13646788818167022,0.4004496978923284
2.886921700950384,-0.015348205463303649,0.1748677196676079
2.7196745779773166,0.020746727151149624,0.1202432942813353
2.628049264839791,0.15004926483978298,0.15004926483978367
2.1057332997227185,-0.15133884945115728,-0.2508354165813195
1.8607271197786452,-0.1930029738078746,-0.38321889893868877
1.7337967464460378,-0.1505609484708232,-0.41454275818140507
1.5563982742118694,-0.20661858817986084,-0.5203974771311427
1.4777271351639119,-0.22275864570993456,-0.5569922731241397
1.4338770526459559,-0.26964388131036693,-0.5916271341453085
1.6517212235814607,-0.12267199523201519,-0.39857967229452174
1.5520094955944215,-0.35872027503194315,-0.5559288373954935
1.648207111782205,-0.457465168986393,-0.5467953100155507
2.010866374761499,-0.3374746496048493,-0.2952018301117584
2.1866653141137293,-0.4379076651034098,-0.24740356819891524
2.5212377292333743,-0.396646009884268,-0.04953901859017945
2.761661556854713,-0.44892611652067516,0.05429830864893452
3.00976316484096,-0.4752368351590101,0.17476316484096932
3.1518978742334407,-0.5727409834683969,0.2064380683371216
3.463691751997883,-0.45165370985011066,0.4320150384929688
3.5344761268483014,-0.5117698850142881,0.44624917658905766
3.45766469700568,-0.6528251048530465,0.3459667366339348
3.3887279615863704,-0.7169852759808114,0.28780756618621095
3.4227942901185835,-0.6114038514368099,0.36574704067216196
3.3464714432395546,-0.5562421191336178,0.36299669640892973
2.916017519500469,-0.8060343523293112,0.030407145134527608
2.700930007419788,-0.8053607608281731,-0.06957385976055791
2.5534228867017656,-0.7184085957662932,-0.09294340979185829
2.103889361945827,-0.9323893727184053,-0.41812067145628856
1.9867259419230172,-0.8305128323930897,-0.4195218129402397
1.8913765505130153,-0.7397408675286945,-0.4159148987393534
1.6795559299298963,-0.8124440700701042,-0.5526364489347732
1.7810708385605167,-0.6296187286550448,-0.40528932699587933
1.612272860065918,-0.7816960078364894,-0.5609209135145634
1.5723161221603494,-0.8718203074205157,-0.6215334158690915
1.5601708610401492,-0.9986774838196234,-0.6869911867964782
1.8205528439875869,-0.9107237051342181,-0.5091704314808055
1.976775492663684,-0.973797313122402,-0.4593390684935155
2.4651564498006393,-0.7374503313857899,-0.09411919290585688
2.7170339276967,-0.7538939844849573,0.02604834526041802
2.708335616437448,-1.0295499018983718,-0.11408720076047665
2.970245046939024,-1.015585779286075,0.025478881694013227
3.097734676848621,-1.10058431423111,0.04793884427672766
3.443629500232534,-0.9175997007331338,0.31317603890405427
3.3974122845106844,-1.0663142465667361,0.21608923040849362
3.702401518165362,-0.7965984818346382,0.5034015181653617
3.4949897811773116,-0.9697367499001672,0.3126667270750919
